HCP_ID,hcpname,Principal,Dependant,ExtraDep,Voluntary,beneficiaries
AB/0001/P,SANCTA MARIA SPECIALIST AND MAT.- AB/0001/P,2 +,1 +,0 +,0 =,3
AB/0002/P,ALL SAINTS HOSPITAL- AB/0002/P,1 +,2 +,0 +,0 =,3
AB/0004/P,ABIA STATE UNIVERSITY TEACHING HOSPITAL- AB/0004/P,14 +,25 +,0 +,0 =,39
AB/0005/P,LIFE CARE CLINICS LTD- AB/0005/P,13 +,34 +,0 +,0 =,47
AB/0006/P,NEW ERA SPECIALIST HOSPITAL- AB/0006/P,4 +,6 +,0 +,0 =,10
AB/0014/P,FEDERAL MEDICAL CENTRE UMUAHIA- AB/0014/P,149 +,285 +,1 +,0 =,435
AB/0015/P,OBIOMA HOSPITAL AND MATERNITY- AB/0015/P,25 +,23 +,0 +,0 =,48
AB/0018/P,ABIA STATE SPECIALIST HOSPITAL AND DIAGNOSTIC CENTER- AB/0018/P,2 +,0 +,0 +,0 =,2
AB/0020/P,CLEHANSAN HOSPITAL AND MATERNITY- AB/0020/P,1 +,3 +,0 +,0 =,4
AB/0023/P,TODAC CLINIC LTD.- AB/0023/P,2 +,1 +,0 +,0 =,3
AB/0024/P,LIVING WORD HOSPITAL ABA SOUTH- AB/0024/P,6 +,10 +,0 +,2 =,18
AB/0025/P,LIVING WORD HOSPITAL OBINGWA- AB/0025/P,2 +,2 +,0 +,0 =,4
AB/0030/P,PRINCESS MARY SPECIALIST HOSPITAL- AB/0030/P,2 +,7 +,0 +,0 =,9
AB/0035/P,SEVEN DAYS ADVENTIST HOSPITAL- AB/0035/P,3 +,1 +,0 +,0 =,4
AB/0036/P,NEW LEAD HOSPITAL AND MAT. LTD- AB/0036/P,1 +,2 +,0 +,0 =,3
AB/0039/P,ST. VINCENT`S HOSPITAL- AB/0039/P,4 +,1 +,0 +,0 =,5
AB/0041/P,NEW ERA HOSPITAL AND MATERNITY- AB/0041/P,11 +,10 +,0 +,0 =,21
AB/0095/P,THE NAZARETH CLINICS- AB/0095/P,2 +,3 +,0 +,0 =,5
AB/0107/P,HEALING CROSS HOSPITAL- AB/0107/P,2 +,6 +,0 +,0 =,8
AB/0113/P,EL-SHADDAI HOSPITAL- AB/0113/P,3 +,7 +,0 +,0 =,10
AB/0175/P,DAUGHTERS OF MARY MOTHER OF MERCY HOSPITAL- AB/0175/P,2 +,4 +,0 +,0 =,6
AB/0194/P,MADONNA CATHOLIC HOSPITAL - AB/0194/P,13 +,39 +,0 +,0 =,52
AB/0200/P,AMARA JANE HOSPITAL AND MATERNITY- AB/0200/P,3 +,5 +,0 +,0 =,8
AB/0224/P,SIMEONE HOSPITAL- AB/0224/P,1 +,1 +,0 +,0 =,2
AD/0002/P,"GENERAL HOSPITAL, GANYE- AD/0002/P",1 +,3 +,0 +,0 =,4
AD/0013/P,"GENERAL HOSPITAL, NUMAN- AD/0013/P",1 +,1 +,0 +,0 =,2
AD/0017/P,SPECIALIST HOSPITAL YOLA- AD/0017/P,1 +,5 +,0 +,0 =,6
AD/0020/P,"UNITY MULTI SPECIALTY HOSPITAL, YOLA, ADAMAWA STATE -AD/0020/P",1 +,9 +,0 +,0 =,10
AD/0021/P,GALBOSE CLINIC- AD/0021/P,4 +,5 +,0 +,0 =,9
AD/0024/P,PEACE HOSPITAL - AD/0024/P,19 +,51 +,0 +,0 =,70
AD/0048/P,FEDERAL MEDICAL CENTRE-AD/0048/P,29 +,68 +,0 +,0 =,97
AD/0052/P,GENERAL HOSPITAL MUBI- AD/0052/P,2 +,3 +,0 +,0 =,5
AD/0104/P,OPTIMUM CLINIC - AD/0104/P,1 +,3 +,0 +,0 =,4
AD/0118/P,NEW BOSHANG HOSPITAL- AD/0118/P,12 +,31 +,0 +,0 =,43
AD/0125/P,DA`AMA SPECIALIST HOSPITAL- AD/0125/P,6 +,15 +,0 +,0 =,21
AD/0128/P,BAMAIYI HOSPITAL AND CLINIC- AD/0128/P,1 +,4 +,0 +,0 =,5
AD/0376/P,KAUNA IBJ SPECIALIST CLINIC-AD/0376/P,1 +,1 +,0 +,0 =,2
AK/0007/P,"GENERAL HOSPITAL, IKOT EKPENE- AK/0007/P",3 +,4 +,0 +,0 =,7
AK/0010/P,"GENERAL HOSPITAL, IQUITA-ORON- AK/0010/P",0 +,3 +,0 +,0 =,3
AK/0012/P,"UNIVERSITY OF UYO TEACHING HOSPITAL, UYO- AK/0012/P",88 +,147 +,0 +,0 =,235
AK/0016/P,LIFECARE HOSPITAL- AK/0016/P,0 +,1 +,0 +,0 =,1
AK/0017/P,UWAKMFON SPECIALIST CLINICS AND HOSPITAL- AK/0017/P,1 +,0 +,0 +,0 =,1
AK/0030/P,NAF MEDICAL CENTRE- AK/0030/P,1 +,1 +,0 +,0 =,2
AK/0035/P,MAJESTY HOSPITAL AND EYE CLINICS- AK/0035/P,2 +,1 +,0 +,0 =,3
AK/0044/P,"POLICE CLINICS, AKWA IBOM- AK/0044/P",1 +,0 +,0 +,0 =,1
AK/0045/P,"UNIVERSITY OF UYO HEALTH CENTRE, UYO- AK/0045/P",4 +,9 +,0 +,0 =,13
AK/0060/P,UBONG ABASI SPECIALIST CLINIC- AK/0060/P,3 +,1 +,0 +,0 =,4
AK/0092/P,PREMIER MEDICAL SERVICES- AK/0092/P,8 +,21 +,0 +,0 =,29
AK/0095/P,ST. LUKES HOSPITAL- AK/0095/P,10 +,21 +,0 +,0 =,31
AK/0105/P,DYME HOSPITAL AND MATERNITY LTD- AK/0105/P,2 +,7 +,0 +,0 =,9
AK/0110/P,THE BRIDGE CLINIC LTD- AK/0110/P,1 +,2 +,0 +,0 =,3
AK/0118/P,FULCARE MEDICAL CONSULTANCY CLINIC AND HOSPITAL- AK/0118/P,5 +,11 +,0 +,0 =,16
AN/0004/P,BEACON HOSPITAL- AN/0004/P,3 +,5 +,0 +,0 =,8
AN/0005/P,DIVINE HOSPITAL AND MATERNITY- AN/0005/P,10 +,16 +,0 +,0 =,26
AN/0008/P,NNAMDI AZIKIWE UNIVERSITY TEACHING HOSPITAL- AN/0008/P,20 +,43 +,0 +,0 =,63
AN/0012/P,GENERAL HOSPITAL ONITSHA- AN/0012/P,8 +,19 +,0 +,0 =,27
AN/0017/P,NEW HOPE MEDICAL CENTRE- AN/0017/P,4 +,11 +,0 +,0 =,15
AN/0028/P,INTENSIVE CARE HOSPITAL- AN/0028/P,1 +,3 +,0 +,0 =,4
AN/0082/P,302 FAR MRS ONITSHA- AN/0082/P,2 +,9 +,0 +,0 =,11
AN/0085/P,CHRIST THE KING HOSPITAL- AN/0085/P,1 +,0 +,0 +,0 =,1
AN/0086/P,HOLY ROSARY SPECIALIST HOSPITAL- AN/0086/P,13 +,37 +,0 +,0 =,50
AN/0088/P,BELUCHUKWU MEMORIAL HOSPITAL- AN/0088/P,1 +,5 +,0 +,0 =,6
AN/0090/P,CHUKWUNONSO HOSPITAL AND MATERNITY- AN/0090/P,1 +,2 +,0 +,0 =,3
AN/0091/P,ST. CHARLES BORROMEO HOSPITAL- AN/0091/P,22 +,59 +,0 +,0 =,81
AN/0098/P,LIFE SPECIALIST HOSPITAL- AN/0098/P,1 +,0 +,0 +,0 =,1
AN/0123/P,SEFTON SPECIALIST MEDICAL CENTRE- AN/0123/P,6 +,16 +,0 +,0 =,22
AN/0129/P,ST. CATHERINES HOSPITAL AND MATERNITY- AN/0129/P,0 +,1 +,0 +,0 =,1
AN/0131/P,AWKA MEDICAL CENTER- AN/0131/P,1 +,1 +,0 +,0 =,2
AN/0132/P,CHIBUZOR HOSPITAL AND MAT.- AN/0132/P,1 +,3 +,0 +,0 =,4
AN/0138/P,IMMACULATE HEART OF MARY SPECIALIST HOSPITAL NKPOR- AN/0138/P,3 +,13 +,0 +,0 =,16
AN/0144/P,TRINITY HOSPITAL- AN/0144/P,1 +,0 +,0 +,0 =,1
AN/0171/P,APEX MEDICAL CENTRE- AN/0171/P,3 +,4 +,0 +,0 =,7
AN/0177/P,CHIDERA HOSPITAL- AN/0177/P,6 +,10 +,0 +,0 =,16
AN/0193/P,IYIENU HOSPITAL- AN/0193/P,4 +,14 +,0 +,0 =,18
AN/0195/P,ST VICTORIA SPECIALIST HOSPITAL AND MATERNITY- AN/0195/P,2 +,4 +,0 +,0 =,6
AN/0216/P,HIS GLORY HOSPITAL AND MATERNITY- AN/0216/P,1 +,2 +,0 +,0 =,3
AN/0226/P,TORONTO HOSPITAL LIMITED- AN/0226/P,1 +,0 +,0 +,0 =,1
AN/0228/P,HARMONY SPECIALIST HOSPITAL ANDMATERNITY- AN/0228/P,0 +,1 +,0 +,0 =,1
AN/0235/P,"CHUKWUEMEKA ODUMEGWU OJUKWU UNIVERSITY TEACHING HOSPITAL,AMAKU,AWKA- AN/0235/P",59 +,130 +,1 +,0 =,190
AN/0236/P,ROCK FOUNDATION HOSPITAL AND MATERNITY- AN/0236/P,3 +,10 +,0 +,0 =,13
AN/0242/P,MADONNA MATERNITY HOSPITAL- AN/0242/P,1 +,0 +,0 +,0 =,1
AN/0243/P,PRIME SPECIALIST HOSPITAL- AN/0243/P,1 +,4 +,0 +,0 =,5
AN/0256/P,ST. JOSEPH’S HOSPITAL- AN/0256/P,1 +,2 +,0 +,0 =,3
AN/0257/P,REGINA CAELI SPECIALIST HOSPITAL- AN/0257/P,1 +,10 +,0 +,0 =,11
AN/0267/P,EDOZIE HOSPITAL AND MATERNITY- AN/0267/P,1 +,0 +,0 +,0 =,1
AN/0273/P,ASSUMPTA CLINIC AND MATERNITY- AN/0273/P,2 +,3 +,0 +,0 =,5
AN/0280/P,ELDORADO MUILI-SPECIALIST HOSPITAL- AN/0280/P,3 +,6 +,0 +,0 =,9
BA/0002/P,MAI JAMA`A CLINIC- BA/0002/P,1 +,0 +,0 +,0 =,1
BA/0004/P,URBAN MAT. AND CHILD WELFARE CLINIC- BA/0004/P,2 +,6 +,0 +,0 =,8
BA/0005/P,REEMEE MEDICARE NIGERIA LIMITED- BA/0005/P,58 +,155 +,0 +,0 =,213
BA/0006/P,ABUBAKAR TAFAWA BALEWA UNIVERSITY TEACHING HOSPITAL- BA/0006/P,63 +,125 +,1 +,0 =,189
BA/0023/P,NIIMA CONSULTANT HOSPITAL - BAUCHI- BA/0023/P,74 +,136 +,0 +,0 =,210
BA/0025/P,FEDERAL MEDICAL CENTRE - AZARE- BA/0025/P,8 +,32 +,0 +,0 =,40
BA/0026/P,BAUCHI STATE SPECIALIST HOSPITAL- BA/0026/P,2 +,1 +,0 +,0 =,3
BA/0027/P,33 AB MRS BAUCHI- BA/0027/P,1 +,2 +,0 +,0 =,3
BA/0028/P,"211 TK BN MRS, BAUCHI- BA/0028/P",1 +,1 +,0 +,0 =,2
BA/0083/P,ALBISHIR CLINIC AND MATERNITY - BA/0083/P,1 +,4 +,0 +,0 =,5
BA/0090/P,APPLE CLINIC AND MATERNITY- BA/0090/P,0 +,6 +,0 +,0 =,6
BA/0098/P,NAGARI MEDICAL CLINIC AND MATERNITY- BA/0098/P,3 +,7 +,0 +,0 =,10
BA/0099/P,"AS-SALAM HOSPITAL, BAUCHI- BA/0099/P",1 +,3 +,0 +,0 =,4
BA/0100/P,"261 NAF REFERENCE HOSPITAL, BAUCHI- BA/0100/P",1 +,1 +,0 +,0 =,2
BA/0104/P,BISHOP MOORE MEMORIAL HOSPITAL- BA/0104/P,2 +,4 +,0 +,0 =,6
BA/0106/P,APEX SPECIALIST-BA/0106/P,4 +,7 +,0 +,0 =,11
BA/0107/P,AL-WADATA CONSULTANT-BA/0107/P,0 +,3 +,0 +,0 =,3
BA/0108/P,MALIKIYA HOSPITAL-BA/0108/P,1 +,5 +,0 +,0 =,6
BA/0415/P,USMANIYYA MEMORIAL CLINIC AND MATERNITY-BA/0415/P,0 +,2 +,0 +,0 =,2
BN/0012/P,FEDERAL MEDICAL CENTRE - MAKURDI- BN/0012/P,69 +,144 +,0 +,0 =,213
BN/0015/P,MADONNA HEALTH SERVICE LTD.- BN/0015/P,40 +,93 +,0 +,0 =,133
BN/0018/P,BISHOP MURRAY MEDICAL CENTRE- BN/0018/P,17 +,52 +,0 +,0 =,69
BN/0025/P,HEMKO HOSPITAL- BN/0025/P,1 +,2 +,0 +,0 =,3
BN/0028/P,PAMPAS HOSPITAL AND MATERNITY- BN/0028/P,85 +,77 +,0 +,0 =,162
BN/0029/P,QUEEN`S CLINIC- BN/0029/P,3 +,10 +,0 +,0 =,13
BN/0052/P,ST. DANIEL`S HOSPITAL- BN/0052/P,2 +,6 +,0 +,0 =,8
BN/0059/P,45 NIGERIAN AIRFORCE HOSPITAL- BN/0059/P,17 +,46 +,0 +,0 =,63
BN/0065/P,BENONIL HOSPITAL- BN/0065/P,1 +,1 +,0 +,0 =,2
BN/0111/P,IHOTU CLINIC AND MATERNITY- BN/0111/P,10 +,17 +,0 +,0 =,27
BN/0114/P,ST MARY`S HOSPITAL- BN/0114/P,1 +,1 +,0 +,0 =,2
BN/0123/P,LORD IS SAVIOUR CLINIC AND MATERNITY- BN/0123/P,1 +,3 +,0 +,0 =,4
BN/0130/P,PISHON WOMEN SPECIALIST CLINIC - BN/0130/P,1 +,4 +,0 +,0 =,5
BN/0136/P,ST. MONICA`S HOSPITAL- BN/0136/P,1 +,5 +,0 +,0 =,6
BN/0137/P,NKST HOSPITAL - BN/0137/P,0 +,1 +,0 +,0 =,1
BN/0154/P,ST. VINCENT HOSPITAL.- BN/0154/P,3 +,11 +,0 +,0 =,14
BN/0155/P,FIRST FERTILITY HOSPITAL LTD.- BN/0155/P,2 +,6 +,0 +,0 =,8
BN/0157/P,"N K S T HOSPITAL, MBAAKON.- BN/0157/P",0 +,1 +,0 +,0 =,1
BN/0158/P,MYOM HOSPITAL- BN/0158/P,3 +,9 +,0 +,0 =,12
BN/0162/P,BENUE STATE UNIVERSITY TEACHING HOSPITAL.- BN/0162/P,5 +,8 +,0 +,0 =,13
BN/0163/P,BENUE STATE UNIVERSITY TEACHING HOSPITAL.- BN/0163/P,5 +,10 +,0 +,0 =,15
BN/0186/P,EMORY SPECIALIST HOSPITAL- BN/0186/P,1 +,2 +,0 +,0 =,3
BN/0194/P,FOUNDATION MEMORIAL HOSPITAL- BN/0194/P,3 +,8 +,0 +,0 =,11
BN/0473/P,ST. HELEN SPECIALIST HOSPITAL AND MEDICAL CENTER-BN/0473/P,1 +,1 +,0 +,0 =,2
BO/0003/P,"GENERAL HOSPITAL, BIU- BO/0003/P",2 +,5 +,0 +,0 =,7
BO/0007/P,UNIVERSITY OF MAIDUGURI TEACHING HOSPITAL- BO/0007/P,55 +,120 +,0 +,0 =,175
BO/0012/P,BORNO MEDICAL CLINIC- BO/0012/P,21 +,49 +,0 +,0 =,70
BO/0013/P,NEW FOUNDATION HOSPITAL LIMITED- BO/0013/P,5 +,14 +,0 +,0 =,19
BO/0014/P,STATE SPECIALIST HOSPITAL - BO/0014/P,12 +,26 +,0 +,0 =,38
BO/0015/P,"NURSING HOME, MAIDUGURI- BO/0015/P",2 +,3 +,0 +,0 =,5
BO/0017/P,KANEM HOSPITAL AND MATERNITY- BO/0017/P,2 +,0 +,0 +,0 =,2
BO/0018/P,NAKOWA SPECIALIST HOSPITAL- BO/0018/P,22 +,50 +,0 +,0 =,72
BO/0028/P,GENERAL HOSPITAL MONGUNO- BO/0028/P,1 +,0 +,0 +,0 =,1
BO/0030/P,FEDERAL NEUROPSHYCHIATRY HOSPITAL- BO/0030/P,2 +,10 +,0 +,0 =,12
BO/0048/P,MEDICAL CENTRE 105 COMPOSITE GROUP- BO/0048/P,1 +,1 +,0 +,0 =,2
BO/0051/P,CITY MEDICAL CENTRE- BO/0051/P,2 +,6 +,0 +,0 =,8
BO/0062/P,ALKOME POLYCLINIC- BO/0062/P,1 +,0 +,0 +,0 =,1
BO/0067/P,HIRKU CLINIC AND MATERNITY- BO/0067/P,2 +,8 +,0 +,0 =,10
BO/0142/P,ROYAL SPECIALIST HOSPITAL- BO/0142/P,1 +,3 +,0 +,0 =,4
BO/0154/P,ALPINE SPECIALIST HOSPITAL- BO/0154/P,4 +,13 +,0 +,0 =,17
BY/0004/P,CREST CONSULTANT HOSPITAL AND FERTILITY CENTERCLINIC- BY/0004/P,5 +,11 +,0 +,0 =,16
BY/0007/P,ST. PETER`S HOSPITAL- BY/0007/P,1 +,1 +,0 +,0 =,2
BY/0012/P,TOBIS CLINIC- BY/0012/P,4 +,9 +,0 +,0 =,13
BY/0057/P,"FEDERAL MEDICAL CENTRE, YENAGOA- BY/0057/P",32 +,54 +,0 +,0 =,86
BY/0067/P,YENOGOA HOSPITAL AND MATERNITY- BY/0067/P,1 +,3 +,0 +,0 =,4
BY/0070/P,RIPUS HOSPITAL LTD- BY/0070/P,4 +,7 +,0 +,0 =,11
BY/0085/P,FAMILY CARE CLINIC AND SERVICES- BY/0085/P,2 +,3 +,0 +,0 =,5
BY/0158/P,METRIXMED CLINIC LIMITED-BY/0158/P,1 +,1 +,0 +,0 =,2
BY/0229/P,NAF MEDICAL CENTRE YENAGOA-BY/0229/P,0 +,1 +,0 +,0 =,1
CR/0001/P,"GENERAL HOSPITAL,MARY SCLESSOR AVENUE- CR/0001/P",8 +,8 +,0 +,0 =,16
CR/0003/P,HANNAH FOUNDATION CLINIC AND TRAUMA CENTRE- CR/0003/P,0 +,1 +,0 +,0 =,1
CR/0004/P,FAITH FOUNDATION SPECIALIST CLINIC- CR/0004/P,7 +,15 +,0 +,0 =,22
CR/0007/P,BAKOR MEDICAL CENTRE- CR/0007/P,13 +,19 +,0 +,0 =,32
CR/0010/P,EFKAM CLINIC- CR/0010/P,2 +,1 +,0 +,0 =,3
CR/0039/P,SACRED HEART CATHOLIC HOSPITAL- CR/0039/P,0 +,1 +,0 +,0 =,1
CR/0041/P,MONAIYA CATHOLIC HOSPITAL AND MATERNITY- CR/0041/P,0 +,2 +,0 +,0 =,2
CR/0058/P,UNIVERSITY OF CALABAR TEACHING HOSPITAL- CR/0058/P,39 +,96 +,1 +,0 =,136
CR/0066/P,UNIVERSITY OF CALABAR HEALTH CENTRE- CR/0066/P,1 +,1 +,0 +,0 =,2
CR/0068/P,NAVY MEDICAL CENTRE - CR/0068/P,23 +,37 +,0 +,0 =,60
CR/0070/P,NIGERIAN NAVY MEDICAL CLINIC- CR/0070/P,25 +,29 +,0 +,0 =,54
CR/0076/P,VICTORIA ITAM HOSPITAL- CR/0076/P,1 +,1 +,0 +,0 =,2
CR/0100/P,COTTAGE HOSPITAL AKPET CENTRAL- CR/0100/P,1 +,0 +,0 +,0 =,1
CR/0159/P,ARUBAH SPECIALIST HOSPITAL AND DIAGNOSTICS LTD- CR/0159/P,5 +,11 +,0 +,0 =,16
CR/0164/P,VICTORIA MEDICAL CENTRE- CR/0164/P,2 +,7 +,0 +,0 =,9
DT/0029/P,UFOR HOSPITAL- DT/0029/P,1 +,1 +,0 +,0 =,2
DT/0060/P,FEDERAL MEDICAL CENTRE ASABA- DT/0060/P,109 +,198 +,3 +,0 =,310
DT/0064/P,CENTRAL HOSPITAL WARRI- DT/0064/P,1 +,2 +,0 +,0 =,3
DT/0065/P,CAPITOL HILL CLINIC- DT/0065/P,1 +,4 +,0 +,0 =,5
DT/0084/P,CENTRAL HOSPITAL UGHELLI- DT/0084/P,1 +,3 +,0 +,0 =,4
DT/0090/P,WESTEND HOSPITAL- DT/0090/P,0 +,3 +,0 +,0 =,3
DT/0094/P,NAVY MEDICAL CENTRE - DT/0094/P,1 +,1 +,0 +,0 =,2
DT/0096/P,EBONY CLINIC AND MATERNITY - DT/0096/P,14 +,69 +,0 +,0 =,83
DT/0103/P,LILY CLINIC/HOSPITAL- DT/0103/P,0 +,1 +,0 +,0 =,1
DT/0116/P,GROUP CHRISTIAN HOSPITAL- DT/0116/P,1 +,0 +,0 +,0 =,1
DT/0120/P,LONIA CLINIC AND MATERNITY- DT/0120/P,1 +,3 +,0 +,0 =,4
DT/0129/P,ST. JOSEPH CATHOLIC HOSPITAL- DT/0129/P,8 +,14 +,0 +,0 =,22
DT/0133/P,WINNERS CLINIC- DT/0133/P,4 +,0 +,0 +,0 =,4
DT/0166/P,OKPARAVERO MEMORIAL HOSPITAL- DT/0166/P,1 +,3 +,0 +,0 =,4
DT/0193/P,ST.JOHN THE BAPTIST CATHOLIC HOSPITAL AND MATERNITY- DT/0193/P,0 +,3 +,0 +,0 =,3
DT/0201/P,ST. LUKE HOSPITAL ASABA- DT/0201/P,3 +,9 +,0 +,0 =,12
DT/0202/P,EL-COMFORT HOSPITAL- DT/0202/P,2 +,5 +,0 +,0 =,7
DT/0213/P,QUEEN OF APOSTLES CATHOLIC HOSPITAL- DT/0213/P,0 +,3 +,0 +,0 =,3
DT/0589/P,LAKELAND SPECIALIST CLINIC-DT/0589/P,16 +,80 +,0 +,0 =,96
DT/0629/P,GENERAL HOSPITAL AGBOR-ALIDINMA-DT/0629/P,1 +,2 +,0 +,0 =,3
EB/0001/P,MERCY HOSPITAL- EB/0001/P,5 +,2 +,0 +,0 =,7
EB/0004/P,CHRIST THE KING HOSPITAL- EB/0004/P,1 +,1 +,0 +,0 =,2
EB/0007/P,"FEDERAL TEACHING HOSPITAL, ABAKALIKI- EB/0007/P",105 +,206 +,2 +,0 =,313
EB/0027/P,AFIKPO MEDICAL CENTRE- EB/0027/P,0 +,1 +,0 +,0 =,1
EB/0037/P,FELIX MEMORIAL HOSPITAL- EB/0037/P,1 +,0 +,0 +,0 =,1
EB/0042/P,"POLICE CLINICS, EBONYI- EB/0042/P",3 +,7 +,0 +,0 =,10
EB/0224/P,NATIONAL OBSTETRIC FISTULA CENTRE-EB/0224/P,10 +,26 +,0 +,0 =,36
EB/0243/P,CENTRE OF HOPE HOSPITAL LTD-EB/0243/P,1 +,4 +,0 +,0 =,5
EB/0246/P,LITTLE SEED HOSPITAL AND MATERNITY-EB/0246/P,1 +,2 +,0 +,0 =,3
ED/0002/P,"GENERAL HOSPITAL, IGARRA- ED/0002/P",1 +,5 +,0 +,0 =,6
ED/0009/P,PSYCHIATRIC HOSPITAL- ED/0009/P,1 +,0 +,0 +,0 =,1
ED/0011/P,MOUNT GILEAD HOSPITAL- ED/0011/P,8 +,17 +,0 +,0 =,25
ED/0012/P,UNIVERSITY OF BENIN TEACHING HOSPITAL- ED/0012/P,1 +,0 +,0 +,1 =,2
ED/0016/P,IRRUA SPECIALIST HOSPITAL- ED/0016/P,9 +,18 +,2 +,0 =,29
ED/0036/P,"CENTRAL HOSPITAL, AUCHI- ED/0036/P",1 +,4 +,0 +,0 =,5
ED/0037/P,FATE MEDICAL CENTRE- ED/0037/P,3 +,15 +,0 +,0 =,18
ED/0043/P,NARROW WAY CLINIC- ED/0043/P,68 +,108 +,0 +,0 =,176
ED/0046/P,ORESTE MEDICAL CENTRE- ED/0046/P,5 +,9 +,0 +,0 =,14
ED/0047/P,OWEN CLINIC- ED/0047/P,3 +,2 +,0 +,0 =,5
ED/0050/P,"CENTRAL HOSPITAL, BENIN- ED/0050/P",26 +,44 +,0 +,0 =,70
ED/0061/P,IGBINEDION HOSPITAL AND MED. RESEARCH- ED/0061/P,1 +,0 +,0 +,0 =,1
ED/0085/P,MODIC MEDICAL CENTRE- ED/0085/P,11 +,20 +,0 +,0 =,31
ED/0086/P,AIWUYOR MEMORIAL CLINIC- ED/0086/P,1 +,1 +,0 +,0 =,2
ED/0088/P,SAFE HAVEN HOSPITAL- ED/0088/P,1 +,2 +,0 +,0 =,3
ED/0089/P,IHENYEN MEDICAL CENTRE- ED/0089/P,4 +,6 +,0 +,0 =,10
ED/0090/P,TIME HOSPITAL- ED/0090/P,2 +,1 +,0 +,0 =,3
ED/0091/P,GOD`S VICTORY CLINIC AND MATERNITY- ED/0091/P,3 +,6 +,0 +,0 =,9
ED/0118/P,UNIVERSITY OF BENIN TEACHING HOSPITAL UGBOWO- ED/0118/P,148 +,283 +,3 +,0 =,434
ED/0120/P,"MILITARY HOSPITAL, BENIN- ED/0120/P",4 +,7 +,0 +,0 =,11
ED/0121/P,81 AMG MEDICAL CENTRE- ED/0121/P,6 +,4 +,2 +,0 =,12
ED/0131/P,ST. MARY MAGDALENE HOSPITAL- ED/0131/P,1 +,1 +,0 +,0 =,2
ED/0135/P,FAITH MEDIPLEX- ED/0135/P,82 +,185 +,0 +,0 =,267
ED/0139/P,THE ROCK HOSPITAL- ED/0139/P,2 +,6 +,0 +,0 =,8
ED/0142/P,OUR MEDICAL CENTRE- ED/0142/P,2 +,3 +,0 +,0 =,5
ED/0145/P,ANISO SPECIALIST MEDICAL CENTER- ED/0145/P,3 +,3 +,2 +,0 =,8
ED/0165/P,AKEMEKHAI MEDICAL CENTRE- ED/0165/P,2 +,4 +,0 +,0 =,6
ED/0167/P,AUCHI POLYTECHNIC MEDICAL CENTRE- ED/0167/P,1 +,3 +,0 +,0 =,4
ED/0170/P,RADIANCE CLINIC AND MATERNITY- ED/0170/P,12 +,20 +,0 +,0 =,32
ED/0177/P,BERTA MEDICAL CENTRE- ED/0177/P,44 +,86 +,0 +,0 =,130
ED/0181/P,CHISI COTTAGE CLINIC- ED/0181/P,10 +,18 +,0 +,0 =,28
ED/0184/P,IROWA MEDICAL CENTRE- ED/0184/P,3 +,6 +,0 +,0 =,9
ED/0216/P,ALAFIA SPECIALIST CLINIC AND MATERNITY HOME- ED/0216/P,0 +,1 +,0 +,0 =,1
ED/0217/P,ST PHILOMINA CATHOLIC HOSPITAL- ED/0217/P,164 +,344 +,5 +,0 =,513
ED/0222/P,IRELE IFIJEH HOSPITAL LIMITED- ED/0222/P,1 +,1 +,0 +,0 =,2
ED/0223/P,OVBIOISE HOSPITAL- ED/0223/P,8 +,12 +,0 +,0 =,20
ED/0241/P,FOUNTAIN OF LIFE SPECIALIST HOSPITAL- ED/0241/P,1 +,4 +,2 +,0 =,7
ED/0253/P,EBONY MEDICAL CENTRE- ED/0253/P,0 +,1 +,0 +,0 =,1
ED/0255/P,BETHEL FAITH MEDICAL CENTRE- ED/0255/P,1 +,1 +,0 +,0 =,2
ED/0265/P,ENOMA MEDICAL CENTER- ED/0265/P,4 +,6 +,0 +,0 =,10
ED/0267/P,TONA HOSPITAL- ED/0267/P,1 +,3 +,0 +,0 =,4
ED/0270/P,HALPHA SPECIALIST HOSPITAL- ED/0270/P,1 +,0 +,0 +,0 =,1
ED/0289/P,FIDELITY HOSPITAL- ED/0289/P,2 +,9 +,0 +,0 =,11
ED/0294/P,LILY HOSPITALS LIMITED- ED/0294/P,41 +,87 +,0 +,3 =,131
ED/0295/P,MAVISCOPE HOSPITAL AND FERTILITY CENTRE- ED/0295/P,0 +,0 +,2 +,0 =,2
ED/0308/P,CITY OF HOPE MEDICAL CENTRE- ED/0308/P,1 +,4 +,0 +,0 =,5
ED/0312/P,RAHI HOSPITAL LTD- ED/0312/P,3 +,11 +,0 +,0 =,14
ED/0499/P,ASRIEL MEDICARE-ED/0499/P,1 +,0 +,0 +,0 =,1
ED/0500/P,BENIN MEDICAL CARE-ED/0500/P,1 +,1 +,0 +,0 =,2
EK/0004/P,ADE-TADE HOSPITAL- EK/0004/P,2 +,3 +,0 +,0 =,5
EK/0006/P,"UNIVERSITY TEACHING HOSPITAL, ADO EKITI- EK/0006/P",41 +,102 +,0 +,0 =,143
EK/0007/P,FEDERAL TEACHING HOSPITAL- EK/0007/P,10 +,19 +,0 +,0 =,29
EK/0009/P,TRINITY MEDICAL CENTRE- EK/0009/P,1 +,0 +,0 +,0 =,1
EK/0010/P,SUPREME FAITH HOSPITAL- EK/0010/P,0 +,0 +,0 +,1 =,1
EK/0029/P,ADETOYIN HOSPITAL- EK/0029/P,1 +,3 +,0 +,0 =,4
EK/0035/P,UNIVERSITY OF ADO EKITI HEALTH CENTRE- EK/0035/P,1 +,0 +,0 +,0 =,1
EK/0047/P,MARIA ASSUMPTIA CATHOLIC HOSPITAL- EK/0047/P,1 +,2 +,0 +,0 =,3
EK/0064/P,MATERNAL CHILD SPECIALIST- EK/0064/P,1 +,2 +,0 +,0 =,3
EK/0074/P,"HEIRS SPECIALIST HOSPITAL, OYE EKITI- EK/0074/P",0 +,2 +,0 +,0 =,2
EK/0077/P,DOMINION SPECIALIST MEDICAL AND DIAGNOSTIC CENTER- EK/0077/P,1 +,1 +,0 +,0 =,2
EK/0080/P,ABUAD MULTI SYSTEM HOSPITAL- EK/0080/P,4 +,13 +,0 +,0 =,17
EN/0002/P,ST. PATRICKS HOSPITAL AND MATERNITY- EN/0002/P,94 +,208 +,0 +,3 =,305
EN/0006/P,CHRIST THE KING HOSPITAL- EN/0006/P,3 +,1 +,0 +,0 =,4
EN/0007/P,PEENOK MEDICAL CENTRE- EN/0007/P,7 +,4 +,0 +,0 =,11
EN/0008/P,"DR. NLOGHA OKEKE MEMORIAL FOUNDATION, ENUGU.- EN/0008/P",10 +,19 +,0 +,2 =,31
EN/0011/P,MICHAEL OBAYI MEMORIAL HOSPITAL- EN/0011/P,34 +,43 +,0 +,0 =,77
EN/0012/P,CIMAC HOSPITAL LTD.- EN/0012/P,1 +,1 +,0 +,0 =,2
EN/0013/P,RISTELA HOSPITAL AND MATERNITY- EN/0013/P,4 +,5 +,0 +,0 =,9
EN/0014/P,NIGER FOUNDATION HOSPITAL- EN/0014/P,1 +,5 +,0 +,0 =,6
EN/0015/P,OUR SAVIOUR MEDICAL CENTRE- EN/0015/P,1 +,5 +,0 +,0 =,6
EN/0016/P,"NTASIOBI HOSPITAL,- EN/0016/P",20 +,32 +,0 +,0 =,52
EN/0017/P,AKULUE MEMORIAL HOSPITAL- EN/0017/P,714 +,"1,431 +",2 +,13 =,"2,160"
EN/0018/P,UNITY NGWO HOSPITAL AND MAT.- EN/0018/P,5 +,7 +,0 +,0 =,12
EN/0019/P,BENEM HOSPITAL- EN/0019/P,4 +,2 +,0 +,0 =,6
EN/0024/P,LIFE FOUNDATION HOSPITAL- EN/0024/P,1 +,0 +,0 +,0 =,1
EN/0025/P,IBEZIM MEDICAL CLINICS- EN/0025/P,1 +,1 +,0 +,0 =,2
EN/0026/P,KENECHUKWU SPECIALIST HOSPITAL AND MATERNITY- EN/0026/P,5 +,6 +,0 +,0 =,11
EN/0027/P,JULIUS EZENYIRIOHA MEMORIAL HOSPITAL AND MATERNITY- EN/0027/P,14 +,40 +,0 +,0 =,54
EN/0029/P,ST. LEO`S SPECIALIST HOSPITAL- EN/0029/P,32 +,72 +,0 +,4 =,108
EN/0037/P,ROYAL HOSPITAL - EN/0037/P,7 +,19 +,0 +,0 =,26
EN/0042/P,ANNUCIATION HOSPITAL- EN/0042/P,84 +,154 +,1 +,0 =,239
EN/0044/P,"ESUT TEACHING HOSPITAL, PARKLANE- EN/0044/P",160 +,281 +,1 +,9 =,451
EN/0102/P,"UNIVERSITY OF NIGERIA TEACHING HOSP., ENUGU- EN/0102/P",93 +,101 +,0 +,3 =,197
EN/0103/P,82 DIV HOSPITAL- EN/0103/P,42 +,63 +,0 +,2 =,107
EN/0104/P,337 BSG NAF MEDICAL CENTRE- EN/0104/P,2 +,0 +,0 +,0 =,2
EN/0113/P,NATIONAL ORTHOPAEDIC HOSPITAL - EN/0113/P,6 +,13 +,0 +,0 =,19
EN/0116/P,"UNN MEDICAL CENTRE, ENUGU- EN/0116/P",32 +,27 +,0 +,1 =,60
EN/0117/P,NIGERIA LAW SCHOOL MEDICAL CENTRE- EN/0117/P,2 +,2 +,0 +,0 =,4
EN/0118/P,ALL SAINTS MEDICAL CENTRE- EN/0118/P,394 +,832 +,1 +,0 =,"1,227"
EN/0119/P,"UNIVERSITY OF NIGERIA, NSUKKA MEDICAL CENTRE- EN/0119/P","3,281 +","5,031 +",7 +,19 =,"8,338"
EN/0164/P,MOTHER OF CHRIST SPECIALIST HOSPITAL- EN/0164/P,54 +,97 +,0 +,1 =,152
EN/0166/P,UNN MEDICAL CENTRE - NSUKKA- EN/0166/P,27 +,37 +,0 +,0 =,64
EN/0175/P,THE GOOD SHEPHERD SPECIALIST HOSPITAL- EN/0175/P,70 +,152 +,2 +,0 =,224
EN/0179/P,CHINEMELU HOSPITAL- EN/0179/P,43 +,102 +,0 +,0 =,145
EN/0180/P,NSUKKA MEDICAL CLINIC- EN/0180/P,79 +,175 +,0 +,0 =,254
EN/0190/P,NIGERIAN RAILWAY CLINIC. ENUGU- EN/0190/P,4 +,1 +,0 +,0 =,5
EN/0195/P,RENAISSANCE HOSPITAL- EN/0195/P,28 +,41 +,0 +,0 =,69
EN/0205/P,ROYAL CROSS HOSPITAL AND MATERNITY- EN/0205/P,13 +,21 +,0 +,0 =,34
EN/0206/P,THE GOOD SHEPHERD HOSPITAL- EN/0206/P,105 +,277 +,0 +,0 =,382
EN/0213/P,ST RAPHAEL`S HOSPITAL AND MATER- EN/0213/P,15 +,23 +,0 +,0 =,38
EN/0216/P,ST MARY`S HOSPITAL AND MATERNITY- EN/0216/P,4 +,4 +,0 +,0 =,8
EN/0217/P,BISHOP SHANAHAN HOSPITAL- EN/0217/P,406 +,845 +,3 +,23 =,"1,277"
EN/0219/P,NWA-OSSAI FOUNDATION HOSPITAL- EN/0219/P,7 +,17 +,0 +,0 =,24
EN/0221/P,DIVINE MERCY HOSPITALAND MATERNITY- EN/0221/P,24 +,49 +,0 +,2 =,75
EN/0225/P,KINGS COURT HOSPITAL ANDMATERNITY- EN/0225/P,1 +,3 +,0 +,0 =,4
EN/0231/P,FAITH FOUNDATION HOSPITAL- EN/0231/P,162 +,319 +,0 +,9 =,490
EN/0235/P,MOUNT ARAFAT HOSPITAL - EN/0235/P,68 +,139 +,0 +,0 =,207
EN/0238/P,TENDERCARE HOSPITAL AND MATERNITY- EN/0238/P,2 +,6 +,0 +,0 =,8
EN/0242/P,JIDEOFOR HOSPITAL- EN/0242/P,1 +,5 +,0 +,0 =,6
EN/0248/P,CALIX HEALTHCARE LTD- EN/0248/P,1 +,4 +,0 +,0 =,5
EN/0258/P,CHUKWUEMEKA HOSPITAL AND MATERNITY- EN/0258/P,4 +,9 +,0 +,0 =,13
EN/0260/P,ST. ANTHONY’S HOSPITAL- EN/0260/P,1 +,4 +,0 +,0 =,5
EN/0270/P,DIVINE BLESSED ASSURANCE MEDICAL CENTER - EN/0270/P,2 +,3 +,0 +,0 =,5
EN/0274/P,PATRICK OTIJI SPECIALISTS HOSPITAL - EN/0274/P,12 +,28 +,0 +,3 =,43
EN/0277/P,ROSA MYSTICA HOSPITAL- EN/0277/P,9 +,9 +,0 +,0 =,18
EN/0284/P,PAULSONIC HOSPITAL LIMITED- EN/0284/P,1 +,4 +,0 +,0 =,5
EN/0406/P,SAMMY J. HOSPITAL-EN/0406/P,4 +,10 +,0 +,0 =,14
EN/0604/P,HEART DISEASE PREVENTION AND TRAINING CENTRE-EN/0604/P,3 +,5 +,0 +,0 =,8
EN/0612/P,HEART DISEASE PREVENTION AND TRAINING CENTER-EN/0612/P,1 +,5 +,0 +,0 =,6
FCT/0001/P,WILDOT CLINIC- FCT/0001/P,2 +,1 +,0 +,0 =,3
FCT/0002/P,AREWA SPECIALIST HOSPITAL AND DIAGNOSTIC CENTRE- FCT/0002/P,112 +,171 +,1 +,6 =,290
FCT/0004/P,GWARINPA GENERAL HOSPITAL- FCT/0004/P,55 +,74 +,0 +,0 =,129
FCT/0005/P,SYBRON MEDICAL CENTRE- FCT/0005/P,2 +,1 +,0 +,0 =,3
FCT/0008/P,PAN-RAF HOSPITAL LTD.- FCT/0008/P,13 +,25 +,0 +,0 =,38
FCT/0011/P,"ST. PATRICKS, CLINIC AND MAT.- FCT/0011/P",1 +,1 +,0 +,0 =,2
FCT/0014/P,"PRIMARY HEALTH CLINIC, KARONMAGAJI- FCT/0014/P",1 +,4 +,0 +,0 =,5
FCT/0015/P,MIDLAND CLINIC- FCT/0015/P,3 +,6 +,0 +,0 =,9
FCT/0017/P,THE COMFORTER CLINIC AND DIAG. CENTRE- FCT/0017/P,1 +,0 +,0 +,0 =,1
FCT/0037/P,UNITY CLINIC- FCT/0037/P,20 +,39 +,0 +,0 =,59
FCT/0038/P,SUMIT HOSPITAL- FCT/0038/P,2 +,0 +,0 +,0 =,2
FCT/0039/P,EXPRESS HOSPITAL- FCT/0039/P,1 +,1 +,0 +,0 =,2
FCT/0040/P,KINGS CARE HOSPITAL LTD - KUBWA- FCT/0040/P,45 +,59 +,0 +,0 =,104
FCT/0043/P,KUBWA CLINIC AND MATERNITY- FCT/0043/P,25 +,24 +,0 +,0 =,49
FCT/0044/P,PISON HOSPITAL- FCT/0044/P,37 +,74 +,0 +,0 =,111
FCT/0045/P,MIRACLE SEED CLINIC AND MATERNITY- FCT/0045/P,1 +,3 +,0 +,0 =,4
FCT/0047/P,KUBWA GENERAL HOSPITAL- FCT/0047/P,101 +,166 +,0 +,0 =,267
FCT/0049/P,ST. VINCENT CLINIC AND MATERNITY- FCT/0049/P,106 +,187 +,0 +,3 =,296
FCT/0050/P,"ROYAL LORDS HOSPITAL, CLINICS AND MATERNITY LTD- FCT/0050/P",3 +,0 +,0 +,0 =,3
FCT/0073/P,"PRIMARY HEALTH CENTRE, GWAGWALADA- FCT/0073/P",2 +,0 +,0 +,0 =,2
FCT/0086/P,RHEMA FOUNDATION HOSPITAL- FCT/0086/P,43 +,35 +,0 +,0 =,78
FCT/0091/P,MAITAMA DISTRICT HOSPITAL- FCT/0091/P,106 +,151 +,1 +,0 =,258
FCT/0092/P,ASOKORO DISTRICT HOSPITAL-FCT/0092/P,116 +,214 +,0 +,0 =,330
FCT/0093/P,WUSE DISTRICT HOSPITAL- FCT/0093/P,38 +,64 +,0 +,0 =,102
FCT/0097/P,SAUKI PRIVATE HOSPITAL- FCT/0097/P,28 +,36 +,0 +,0 =,64
FCT/0099/P,"GENERAL HOSPITAL, NYANYA- FCT/0099/P",65 +,124 +,0 +,0 =,189
FCT/0102/P,OUR LADY OF FATIMA CATHOLIC HOSPITAL- FCT/0102/P,8 +,12 +,0 +,0 =,20
FCT/0103/P,KWALI GENERAL HOSPITAL- FCT/0103/P,127 +,193 +,0 +,0 =,320
FCT/0105/P,GENERAL HOSPITAL - KARSHI- FCT/0105/P,7 +,19 +,0 +,0 =,26
FCT/0107/P,RUZ MEDICAL CENTRE- FCT/0107/P,2 +,1 +,0 +,0 =,3
FCT/0108/P,ROUZ HOSPITAL AND MATERNITY LIMITED- FCT/0108/P,47 +,71 +,0 +,0 =,118
FCT/0110/P,AMANA MEDICAL CENTRE- FCT/0110/P,11 +,11 +,0 +,0 =,22
FCT/0111/P,FEREPROD. MEDICAL CENTRE- FCT/0111/P,58 +,55 +,0 +,0 =,113
FCT/0115/P,JILF CLINIC ENT.- FCT/0115/P,1 +,0 +,0 +,0 =,1
FCT/0116/P,EBONY HOSPITAL- FCT/0116/P,1 +,0 +,0 +,0 =,1
FCT/0120/P,LIMI HOSPITAL AND MAT. LTD.- FCT/0120/P,95 +,170 +,0 +,3 =,268
FCT/0122/P,NATIONAL ASSEMBLY CLINIC- FCT/0122/P,3 +,2 +,0 +,0 =,5
FCT/0123/P,STATE HOUSE CLINIC- FCT/0123/P,6 +,15 +,0 +,0 =,21
FCT/0124/P,"WOMAN DEVELOPMENT CENTRE, STAFF CLINIC- FCT/0124/P",1 +,0 +,0 +,0 =,1
FCT/0127/P,SAMI-WADATA CLINICS LTD.- FCT/0127/P,9 +,13 +,0 +,0 =,22
FCT/0132/P,KINGS CARE HOSPITAL - WUSE- FCT/0132/P,33 +,40 +,0 +,0 =,73
FCT/0138/P,QUEENS CLINICS- FCT/0138/P,7 +,8 +,0 +,0 =,15
FCT/0139/P,BIO-ROYAL HOSPITAL AND MATERNITY LTD.- FCT/0139/P,5 +,4 +,0 +,0 =,9
FCT/0147/P,DARA MEDICAL CLINICS- FCT/0147/P,15 +,16 +,0 +,0 =,31
FCT/0149/P,MINISTRY OF DEFENCE STAFF CLINIC- FCT/0149/P,1 +,0 +,0 +,0 =,1
FCT/0153/P,GWAGWALADA CLINIC AND MATERNITY- FCT/0153/P,10 +,10 +,0 +,0 =,20
FCT/0154/P,JERAB HOSPITALS- FCT/0154/P,10 +,20 +,0 +,0 =,30
FCT/0155/P,SLIVER FOUNTAIN MEDICAL CENTRE- FCT/0155/P,3 +,1 +,0 +,0 =,4
FCT/0156/P,RAPHA HOSPITAL AND MATERNITY- FCT/0156/P,3 +,1 +,0 +,0 =,4
FCT/0157/P,AREWA CLINIC AND MATERNITY - KARU- FCT/0157/P,2 +,1 +,0 +,0 =,3
FCT/0158/P,NISA PREMIER HOSPITAL- FCT/0158/P,273 +,509 +,0 +,9 =,791
FCT/0159/P,"ABUJA CLINIC, MAITAMA- FCT/0159/P",100 +,139 +,0 +,0 =,239
FCT/0330/P,NATIONAL HOSPITAL ABUJA- FCT/0330/P,213 +,339 +,4 +,1 =,557
FCT/0333/P,ALBERT HORSFALL MED. CENTRE- FCT/0333/P,1 +,0 +,0 +,0 =,1
FCT/0334/P,DEFENCE INTELLIGENCE AGENCY - FCT/0334/P,2 +,5 +,0 +,0 =,7
FCT/0336/P,LIVING STREAM SPECIALIST HOSPI- FCT/0336/P,20 +,42 +,0 +,0 =,62
FCT/0337/P,ANGELIC CARE HOSPITAL AND MAT.- FCT/0337/P,13 +,39 +,0 +,0 =,52
FCT/0340/P,DSS MEDICAL CENTRE.- FCT/0340/P,4 +,1 +,0 +,0 =,5
FCT/0344/P,NIGERIA CUSTOMS SERVICE MED. CENTRE - KARU- FCT/0344/P,49 +,97 +,0 +,0 =,146
FCT/0346/P,108 NIGERIAN AIR FORCE HOSPITAL ABUJA- FCT/0346/P,11 +,22 +,0 +,0 =,33
FCT/0350/P,CITY HOSPITAL FCT- FCT/0350/P,1 +,0 +,0 +,0 =,1
FCT/0357/P,BWARI GENERAL HOSPITAL- FCT/0357/P,26 +,68 +,0 +,0 =,94
FCT/0359/P,"ABUJA CLINIIC, GARKI- FCT/0359/P",35 +,24 +,0 +,0 =,59
FCT/0360/P,ABUJA CLINIIC - KARU- FCT/0360/P,27 +,29 +,0 +,0 =,56
FCT/0362/P,G AND S SPECIALIST CLINIC- FCT/0362/P,1 +,0 +,0 +,0 =,1
FCT/0366/P,SAFFRON HOSPITAL LTD.- FCT/0366/P,24 +,49 +,0 +,0 =,73
FCT/0377/P,DHQ MRS - FCT/0377/P,2 +,2 +,0 +,0 =,4
FCT/0379/P,BEPOS CLINIC AND MATERNITY- FCT/0379/P,5 +,6 +,0 +,0 =,11
FCT/0386/P,THE CROWN HOSPITAL LTD.- FCT/0386/P,2 +,3 +,0 +,0 =,5
FCT/0389/P,RAINBOW CLINIC AND MATERNITY - FCT/0389/P,2 +,1 +,0 +,0 =,3
FCT/0390/P,FEDERAL STAFF HOSPITAL - JABI- FCT/0390/P,225 +,442 +,1 +,0 =,668
FCT/0394/P,"ST MARY CATHOLIC HOSPITAL, GWAGWALADA- FCT/0394/P",42 +,64 +,0 +,0 =,106
FCT/0397/P,"ABUJA UNITY HOSPITAL AND MATERNITY, LUGBE- FCT/0397/P",1 +,0 +,0 +,0 =,1
FCT/0399/P,SOPHY HOSPITAL AND MATERNITY- FCT/0399/P,2 +,2 +,0 +,0 =,4
FCT/0425/P,KUJE GENERAL HOSPITAL- FCT/0425/P,22 +,39 +,0 +,0 =,61
FCT/0472/P,DR. HASSANS CLINIC/DIAGNOSTIC CENTRE- FCT/0472/P,14 +,6 +,0 +,0 =,20
FCT/0475/P,WUSE CLINICS AND MATERNITY- FCT/0475/P,1 +,2 +,0 +,0 =,3
FCT/0477/P,CITY INTERNATIONAL CLINICS- FCT/0477/P,1 +,3 +,0 +,0 =,4
FCT/0479/P,"CONITA CLINIC AND MATERNITY, DAGIRI- FCT/0479/P",2 +,5 +,0 +,0 =,7
FCT/0483/P,MUMEEN MEDICAL CENTRE- FCT/0483/P,2 +,1 +,0 +,0 =,3
FCT/0486/P,FEDERAL ROAD SAFETY COMMISSION MEDICAL CENTRE- FCT/0486/P,1 +,0 +,0 +,0 =,1
FCT/0495/P,ALLIED SURGERY- FCT/0495/P,1 +,4 +,0 +,0 =,5
FCT/0510/P,NORTHLAND MEDICAL CENTRE- FCT/0510/P,1 +,4 +,0 +,0 =,5
FCT/0546/P,GARKI HOSPITAL - FCT/0546/P,282 +,474 +,1 +,1 =,758
FCT/0559/P,POLICE HOSPITAL- FCT/0559/P,2 +,6 +,0 +,0 =,8
FCT/0562/P,ALLISON CLINIC AND MATERNITY- FCT/0562/P,1 +,3 +,0 +,0 =,4
FCT/0584/P,SISTERS OF NATIVITY HOSPITAL- FCT/0584/P,33 +,75 +,0 +,0 =,108
FCT/0595/P,KUBWA MUSLIM COMMUNITY HOSPITAL (KMC)- FCT/0595/P,5 +,11 +,0 +,0 =,16
FCT/0596/P,JIKWOYI MEDICAL CENTRE- FCT/0596/P,3 +,4 +,0 +,0 =,7
FCT/0598/P,CRYSTAL PAEDIATRIC CLINIC LIMITED- FCT/0598/P,1 +,0 +,0 +,0 =,1
FCT/0600/P,ROYAL SPECIALIST HOSPITAL- FCT/0600/P,2 +,4 +,0 +,0 =,6
FCT/0601/P,TOLBERT SPECIALISTS HOSPITALS LTD- FCT/0601/P,7 +,10 +,0 +,0 =,17
FCT/0604/P,JETHRONE HOSPITAL AND DIAGNOSTIC CENTRE- FCT/0604/P,6 +,15 +,0 +,0 =,21
FCT/0612/P,FAMILY CARE MULTICLINICS- FCT/0612/P,3 +,6 +,0 +,0 =,9
FCT/0613/P,PRIMECARE HOSPITALS- FCT/0613/P,1 +,0 +,0 +,0 =,1
FCT/0636/P,VINETTE HOSPITAL AND MATERNITY- FCT/0636/P,3 +,6 +,0 +,0 =,9
FCT/0638/P,EFAB MEDICAL CENTRE- FCT/0638/P,0 +,1 +,0 +,0 =,1
FCT/0650/P,THE PEAKE SPECIALIST HOSPITAL-FCT/0650/P,4 +,5 +,0 +,0 =,9
FCT/0659/P,CORNELLA CONNELLY HOSPITAL- FCT/0659/P,7 +,22 +,0 +,0 =,29
FCT/0699/P,DE ROSE OF SHARON HOSPITAL AND MATERNITY JIKWOYI ABUJA LIMITED- FCT/0699/P,2 +,5 +,0 +,0 =,7
FCT/0707/P,MLOSH CLINICS LIMITED- FCT/0707/P,1 +,1 +,0 +,0 =,2
FCT/0747/P,SOFT SHELL SPECIALIST HOSPITAL- FCT/0747/P,2 +,0 +,0 +,0 =,2
FCT/0749/P,LONA CITY CARE HOSPITAL NIG LTD- FCT/0749/P,1 +,8 +,0 +,0 =,9
FCT/0753/P,FEDERAL STAFF HOSPITAL-GWARINPA- FCT/0753/P,7 +,10 +,0 +,0 =,17
FCT/0757/P,SPRINGBLOOM COUNTY HOSPITAL- FCT/0757/P,1 +,1 +,0 +,0 =,2
FCT/0761/P,DIOCESE OF KUBWA ANGLICAN HOSPITAL LTD - FCT/0761/P,1 +,4 +,0 +,0 =,5
FCT/0762/P,EXCEL SPECIALIST HOSPITAL FERTILITY CENTRE - FCT/0762/P,1 +,1 +,0 +,0 =,2
FCT/0770/P,BORIS CLINIC LTD - FCT/0770/P,17 +,33 +,0 +,0 =,50
FCT/0778/P,THOMAS DAVID HOSPITAL LTD - FCT/0778/P,4 +,12 +,0 +,0 =,16
FCT/0781/P,TRUST CHARITOS HOSPITAL - FCT/0781/P,4 +,6 +,0 +,0 =,10
FCT/0801/P,DE-MARY’S CENTRAL HOSPITAL- FCT/0801/P,1 +,2 +,0 +,0 =,3
FCT/0808/P,ULTRAMED SPECIALIST HOSPITAL- FCT/0808/P,1 +,5 +,0 +,0 =,6
FCT/0810/P,OAKFIELD HEALTH SERVICE LIMITED- FCT/0810/P,1 +,2 +,0 +,0 =,3
FCT/0852/P,DEDA HOSPITAL - FCT/0852/P,6 +,10 +,0 +,0 =,16
FCT/0856/P,QUEENS SPECIALIST HOSPITAL- FCT/0856/P,2 +,3 +,0 +,0 =,5
FCT/0900/P,ARMY COMMAND-FCT/0900/P,6 +,12 +,0 +,0 =,18
FCT/0902/P,ALLIANCE-FCT/0902/P,3 +,0 +,0 +,0 =,3
GM/0001/P,GENERAL HOSPITAL BILLIRI- GM/0001/P,0 +,2 +,0 +,0 =,2
GM/0002/P,"FEDERAL TEACHING HOSPITAL, GOMBE- GM/0002/P",98 +,262 +,6 +,0 =,366
GM/0003/P,DOMA HOSPITAL- GM/0003/P,3 +,10 +,0 +,0 =,13
GM/0004/P,MIYELTI HOSPITAL- GM/0004/P,0 +,3 +,0 +,0 =,3
GM/0013/P,SABANA SPECIALIST HOSPITAL LTD.- GM/0013/P,2 +,6 +,0 +,0 =,8
GM/0014/P,"SPECIALIST HOSPITAL, JEKADAFARI- GM/0014/P",5 +,3 +,0 +,0 =,8
GM/0284/P,FORESIGHT SPECIALIST CLINIC AND DIAGNOSTIC SERVICES-GM/0284/P,2 +,7 +,0 +,0 =,9
IM/0001/P,GENERAL HOSPITAL ABOR- IM/0001/P,1 +,1 +,0 +,0 =,2
IM/0004/P,JASMAN HOSPITAL LTD.- IM/0004/P,1 +,1 +,0 +,0 =,2
IM/0009/P,"GENERAL HOSPITAL, OKIGWE- IM/0009/P",3 +,7 +,0 +,0 =,10
IM/0013/P,OUR LADY OF MERCY HOSPITAL AND MAT.- IM/0013/P,2 +,5 +,0 +,0 =,7
IM/0018/P,UMEZURUIKE HOSPITAL- IM/0018/P,42 +,101 +,0 +,4 =,147
IM/0023/P,THE CHAPEL GRD SPEC. HOSPITAL AND MATERNITY LTD.- IM/0023/P,8 +,6 +,0 +,0 =,14
IM/0024/P,EZEM MEDICAL CENTRE- IM/0024/P,3 +,2 +,0 +,0 =,5
IM/0029/P,ST. ELIZABETH HOSPITAL- IM/0029/P,1 +,2 +,0 +,0 =,3
IM/0030/P,AKARAUGO HOSPITAL AND MATERNITY- IM/0030/P,1 +,0 +,0 +,0 =,1
IM/0031/P,LIFE SPRING SPECIALIST HOSPITAL- IM/0031/P,1 +,0 +,0 +,0 =,1
IM/0032/P,JONE MEDICAL CENTRE- IM/0032/P,2 +,1 +,0 +,0 =,3
IM/0033/P,SALVATION HOSPITAL AND MATERNITY- IM/0033/P,13 +,18 +,0 +,0 =,31
IM/0034/P,IKENEGBU HOSPITAL AND MATERNITY- IM/0034/P,5 +,8 +,0 +,0 =,13
IM/0035/P,ST. DAVID`S HOSPITAL- IM/0035/P,7 +,19 +,0 +,0 =,26
IM/0061/P,ALADINMA HOSPITAL- IM/0061/P,2 +,1 +,0 +,0 =,3
IM/0066/P,UCHENNA HOSPITAL AND MATERNITY- IM/0066/P,1 +,3 +,0 +,0 =,4
IM/0067/P,CHINYERE CLINIC AND MATERNITY- IM/0067/P,2 +,0 +,0 +,0 =,2
IM/0070/P,SIX C. SPECIALIST CLINIC- IM/0070/P,1 +,3 +,0 +,0 =,4
IM/0091/P,IVORY CLINIC- IM/0091/P,1 +,1 +,0 +,0 =,2
IM/0092/P,IMO STATE UNIVERSITY TEACHING HOSPITAL- IM/0092/P,5 +,7 +,0 +,0 =,12
IM/0093/P,"IMO STATE SPECIALIST HOSPITAL, OWERRI- IM/0093/P",4 +,7 +,0 +,0 =,11
IM/0094/P,"FEDERAL MEDICAL CENTRE, OWERRI- IM/0094/P",78 +,179 +,2 +,1 =,260
IM/0118/P,AMANDA HOSPITAL- IM/0118/P,2 +,3 +,0 +,0 =,5
IM/0122/P,"POLICE HOSPITAL, IMO- IM/0122/P",1 +,5 +,0 +,0 =,6
IM/0124/P,INTERNATIONAL CHRISTIAN HOSPITALS- IM/0124/P,3 +,5 +,0 +,0 =,8
IM/0129/P,ETITI MEDICAL CENTER- IM/0129/P,0 +,1 +,0 +,0 =,1
IM/0148/P,HOLY FAMILY HOSPITAL AND MATERNITY- IM/0148/P,1 +,2 +,0 +,0 =,3
IM/0170/P,NEW CREATION MEDICAL CONSULTANT- IM/0170/P,1 +,3 +,0 +,0 =,4
IM/0195/P,MOTHER OF MERCY HOSPITAL- IM/0195/P,1 +,3 +,0 +,0 =,4
IM/0197/P,VADEN SPECIALIST CLINIC AND MATERNITY- IM/0197/P,9 +,17 +,0 +,0 =,26
IM/0229/P,EASTERN SUMMIT SPECIALIST CLINICS ANDMATERNITY- IM/0229/P,1 +,3 +,0 +,0 =,4
IM/0263/P,"HOLY ROSARY HOSPITAL, EMEKUKU- IM/0263/P",1 +,3 +,0 +,0 =,4
JG/0001/P,"GENERAL HOSPITAL, DUTSE- JG/0001/P",3 +,6 +,0 +,0 =,9
JG/0002/P,JAHUN GENERAL HOSPITAL- JG/0002/P,4 +,12 +,0 +,0 =,16
JG/0003/P,"GENERAL HOSPITAL, HADEJIA- JG/0003/P",3 +,5 +,0 +,0 =,8
JG/0006/P,"GENERAL HOSPITAL, KAZAURE- JG/0006/P",4 +,7 +,0 +,0 =,11
JG/0008/P,"GENERAL HOSPITAL, RINGIM- JG/0008/P",4 +,15 +,0 +,0 =,19
JG/0009/P,"FEDERAL MEDICAL CENTRE, BIRNIN KUDU- JG/0009/P",1 +,8 +,0 +,0 =,9
JG/0027/P,RASHEED SHEKONI SPECIALIST HOSPITAL- JG/0027/P,6 +,16 +,0 +,0 =,22
JG/0031/P,SAMBO HOSPITAL LIMITED- JG/0031/P,7 +,26 +,0 +,0 =,33
JG/0034/P,"GENERAL HOSPITAL, KAFIN HAUSA- JG/0034/P",0 +,3 +,0 +,0 =,3
JG/0035/P,HUSSAINI CUSTOM HOSPITAL- JG/0035/P,1 +,1 +,0 +,0 =,2
JG/0328/P,RAHAMA CLINIC AND MATERNITY-JG/0328/P,1 +,6 +,0 +,0 =,7
KB/0001/P,GENERAL HOSPITAL ARGUNGU- KB/0001/P,1 +,8 +,0 +,0 =,9
KB/0003/P,FEDERAL MEDICAL CENTER - BIRNIN KEBBI- KB/0003/P,26 +,69 +,0 +,0 =,95
KB/0008/P,SIR YAHAYA MEMORIAL HOSPITAL- KB/0008/P,3 +,12 +,0 +,0 =,15
KD/0005/P,AIR FORCE MEDICAL CENTRE MANDO- KD/0005/P,11 +,12 +,0 +,0 =,23
KD/0008/P,ABDUL-AZEEZ MEMORIAL HOSPITAL CLINIC AND MATERNITY- KD/0008/P,1 +,1 +,0 +,0 =,2
KD/0010/P,GIWA HOSPITAL AND SPECIALIST CLINIC- KD/0010/P,160 +,402 +,1 +,0 =,563
KD/0012/P,ALBA CLINIC AND MEDICAL CENTRE- KD/0012/P,9 +,4 +,0 +,0 =,13
KD/0013/P,SEFA SPECIALIST HOSPITAL- KD/0013/P,21 +,51 +,0 +,0 =,72
KD/0015/P,BELMONT SPECIALIST HOSPITAL- KD/0015/P,1 +,5 +,0 +,0 =,6
KD/0016/P,JOWAKO HOSPITAL- KD/0016/P,26 +,55 +,0 +,6 =,87
KD/0018/P,CHASEL HOSPITAL- KD/0018/P,4 +,4 +,0 +,0 =,8
KD/0020/P,IYALI HOSPITAL AND MATERNITY- KD/0020/P,17 +,16 +,0 +,0 =,33
KD/0021/P,RIMI CLINICS AND MATERNITY NIG. LTD.- KD/0021/P,2 +,3 +,0 +,0 =,5
KD/0028/P,"BARAU DIKKO TEACHING HOSPITAL, KADUNA- KD/0028/P",15 +,29 +,0 +,0 =,44
KD/0029/P,JINYA SPECIALIST HOSPITAL- KD/0029/P,6 +,7 +,0 +,0 =,13
KD/0030/P,KABALA HOSPITAL- KD/0030/P,1 +,1 +,0 +,0 =,2
KD/0076/P,SALAMATU HOSPITAL AND MATERNITY- KD/0076/P,2 +,5 +,0 +,0 =,7
KD/0078/P,FOUNTAIN HOSPITAL AND MATERNITY- KD/0078/P,2 +,3 +,0 +,0 =,5
KD/0080/P,SHEHU KANGIWA MEDICAL CENTRE- KD/0080/P,9 +,27 +,0 +,0 =,36
KD/0081/P,YUSUF DANTSOHO HOSPITAL- KD/0081/P,11 +,22 +,0 +,0 =,33
KD/0082/P,MANEKS HOSPITAL LTD.- KD/0082/P,14 +,25 +,0 +,0 =,39
KD/0083/P,AMINA HOSPITAL LTD.- KD/0083/P,7 +,16 +,0 +,0 =,23
KD/0085/P,GILTOE ARIS SPECIALIST HOSPITAL- KD/0085/P,14 +,29 +,0 +,0 =,43
KD/0087/P,GWAMNA AWAN HOSPITAL- KD/0087/P,7 +,8 +,0 +,0 =,15
KD/0088/P,SABON-TASHA BENGOLA HOSPITAL- KD/0088/P,2 +,2 +,0 +,0 =,4
KD/0089/P,44 ARMED FORCES REFERENCE HOSPITAL- KD/0089/P,37 +,81 +,0 +,3 =,121
KD/0112/P,ALMADINA CLINIC ZARIA- KD/0112/P,41 +,154 +,0 +,0 =,195
KD/0123/P,SALAMA INFIRMARY HOSP. AND MATERNITY- KD/0123/P,1 +,0 +,0 +,0 =,1
KD/0124/P,ST. LUKE`S ANGLICAN HOSPITAL- KD/0124/P,7 +,18 +,0 +,0 =,25
KD/0126/P,HAJIA GAMBO SAWABA GEN. HOSPITAL- KD/0126/P,2 +,6 +,0 +,0 =,8
KD/0149/P,AHMADU BELLO UNIVERSITY HEALTH SERVICES (MAIN CAMPUS) - KD/0149/P,6 +,22 +,0 +,0 =,28
KD/0162/P,"ST PATRICK IBRAHIM YAKOWA MEMORIAL HOSPITAL, KAFANCHAN- KD/0162/P",1 +,0 +,0 +,0 =,1
KD/0170/P,MENDS SPECIALIST HOSPITAL AND AVIATION MEDICAL CENTRE- KD/0170/P,4 +,5 +,0 +,0 =,9
KD/0182/P,ABI CLINICS AND HOSPITAL- KD/0182/P,0 +,3 +,0 +,0 =,3
KD/0187/P,MONARCH SPECIALIST HOSPITAL- KD/0187/P,9 +,11 +,0 +,0 =,20
KD/0188/P,DANA CLINIC- KD/0188/P,1 +,1 +,0 +,0 =,2
KD/0189/P,PRIME SPECIALIST HOSPITAL- KD/0189/P,1 +,2 +,0 +,0 =,3
KD/0190/P,ANNA-KITCH MEDICAL CENTRE- KD/0190/P,2 +,2 +,0 +,0 =,4
KD/0192/P,NEW ERA HOSPITAL AND MATERNITY- KD/0192/P,78 +,78 +,0 +,0 =,156
KD/0193/P,MULTI CLINIC NIG. LTD.- KD/0193/P,2 +,1 +,0 +,0 =,3
KD/0195/P,OXFORD HOSPITAL- KD/0195/P,1 +,1 +,0 +,0 =,2
KD/0196/P,RESTORATION HOSPITAL INC.- KD/0196/P,18 +,37 +,0 +,0 =,55
KD/0200/P,ST GERARD CATHOLIC HOSPITAL- KD/0200/P,52 +,93 +,0 +,0 =,145
KD/0201/P,NATIONAL TEACHERS INSTITUTE STAFF CLINIC- KD/0201/P,190 +,356 +,0 +,0 =,546
KD/0223/P,"A B U TEACHING HOSPITAL, SHIKA- KD/0223/P",21 +,52 +,0 +,5 =,78
KD/0226/P,BIBA HOSPITAL- KD/0226/P,6 +,19 +,0 +,0 =,25
KD/0228/P,AL MANSUR SPECIALIST HOSPITAL- KD/0228/P,2 +,2 +,0 +,0 =,4
KD/0239/P,HOREB SPECIALIST HOSPITAL- KD/0239/P,10 +,33 +,0 +,0 =,43
KD/0240/P,JEMA`A HOSPITAL- KD/0240/P,1 +,5 +,0 +,0 =,6
KD/0244/P,MAYFAIR CLINIC NIGERIA LTD.- KD/0244/P,1 +,1 +,0 +,0 =,2
KD/0248/P,RAKIYA MEMORIAL HOSPITAL AND MATERNITY INC.- KD/0248/P,1 +,0 +,0 +,0 =,1
KD/0250/P,SAIDU DANGE RAILWAY ZARIA- KD/0250/P,1 +,2 +,0 +,0 =,3
KD/0252/P,SKILLS SPECIALIST CLINIC- KD/0252/P,1 +,3 +,0 +,0 =,4
KD/0254/P,WILBASUN HOSPITAL AND MATERNITY- KD/0254/P,2 +,2 +,0 +,0 =,4
KD/0294/P,SALVATION HOSPITAL AND MATERNITY- KD/0294/P,1 +,3 +,0 +,0 =,4
KD/0333/P,HARMONY HOSPITAL- KD/0333/P,71 +,158 +,2 +,0 =,231
KD/0336/P,JODEB HOSPITAL AND MATERNITY- KD/0336/P,1 +,4 +,0 +,0 =,5
KD/0340/P,CRYSTAL CLINIC AND MATERNITY- KD/0340/P,1 +,2 +,0 +,0 =,3
KD/0341/P,PAL HOSPITAL- KD/0341/P,2 +,6 +,0 +,0 =,8
KD/0346/P,DIALOGUE SEPCIALIST CLINICS LTD.- KD/0346/P,26 +,79 +,1 +,0 =,106
KD/0354/P,AL-MADINAT SPECIALIST HOSPITAL KAWO KADUNA- KD/0354/P,3 +,14 +,0 +,0 =,17
KD/0383/P,ADONAI RAPHA MEDICAL- KD/0383/P,0 +,2 +,0 +,0 =,2
KD/0391/P,NNPC INDUSTRIAL HOSPITAL KADUNA- KD/0391/P,1 +,2 +,0 +,0 =,3
KD/0403/P,ASHMED SPECIALIST HOSPITAL- KD/0403/P,7 +,14 +,0 +,0 =,21
KD/0407/P,FRONTIERS CONSULTANTS CLINICS- KD/0407/P,15 +,38 +,0 +,0 =,53
KD/0408/P,KAKAKI HOSPITAL- KD/0408/P,0 +,2 +,0 +,0 =,2
KD/0409/P,KAWO ISLAMIC HOSPITAL- KD/0409/P,1 +,4 +,0 +,0 =,5
KD/0410/P,RAPHA SPECIALIST HOSPITAL LTD. - KD/0410/P,1 +,4 +,0 +,0 =,5
KD/0418/P,SALEM MEDICAL CENTRE- KD/0418/P,0 +,3 +,0 +,0 =,3
KD/0421/P,GENERAL HOSPITAL SABON TASHA - KD/0421/P,1 +,3 +,0 +,0 =,4
KD/0426/P,GRACELAND HAGWOP HOSPITAL- KD/0426/P,2 +,6 +,0 +,0 =,8
KD/0438/P,FIRST CARE MULTI SPECIALIST HOSPITAL- KD/0438/P,4 +,12 +,2 +,0 =,18
KD/0444/P,"ASHMED SPECIALIST HOSPITAL, ZARIA-KD/0444/P",2 +,6 +,1 +,0 =,9
KD/0445/P,ASHMED SPECIALIST HOSPITAL LTD-KD/0445/P,1 +,4 +,0 +,0 =,5
KD/0446/P,ASHMED SPECIALIST HOSPITAL LTD-KD/0446/P,1 +,0 +,0 +,0 =,1
KD/0713/P,SAVARO SPECIALIST HOSPITAL-KD/0713/P,1 +,3 +,0 +,0 =,4
KG/0001/P,"ASCL MEDICAL CENTRE, AJAOKUTA- KG/0001/P","1,878 +","4,162 +",0 +,0 =,"6,040"
KG/0009/P,"GENERAL HOSPITAL, IDAH- KG/0009/P",2 +,4 +,0 +,0 =,6
KG/0012/P,NIGER HOSPITAL- KG/0012/P,1 +,0 +,0 +,0 =,1
KG/0015/P,"GENERAL HOSPITAL, MOPA- KG/0015/P",0 +,1 +,0 +,0 =,1
KG/0017/P,"GENERAL HOSPITAL, OKENE- KG/0017/P",46 +,188 +,0 +,0 =,234
KG/0019/P,ECWA HOSPITAL - KG/0019/P,1 +,1 +,0 +,0 =,2
KG/0020/P,FEDERAL MEDICAL CENTER LOKOJA- KG/0020/P,186 +,384 +,2 +,0 =,572
KG/0021/P,"GENERAL HOSPITAL, KABBA- KG/0021/P",2 +,8 +,0 +,0 =,10
KG/0023/P,"GENERAL HOSPITAL, ANKPA- KG/0023/P",0 +,12 +,0 +,0 =,12
KG/0025/P,ALI OMEZA HOSPITAL- KG/0025/P,8 +,25 +,0 +,0 =,33
KG/0030/P,"SPECIALIST HOSPITAL, OBANGEDE- KG/0030/P",1 +,6 +,0 +,0 =,7
KG/0034/P,TOWNSHIP CLINIC AND MATERNITY- KG/0034/P,175 +,419 +,0 +,0 =,594
KG/0035/P,MARIA GORRETE HOSPITAL- KG/0035/P,2 +,8 +,0 +,0 =,10
KG/0047/P,GRIMARD CATHOLIC HOSPITAL- KG/0047/P,4 +,11 +,0 +,0 =,15
KG/0062/P,"FED. COLLEGE OF EDUCATION MEDICAL CENTRE, OKENE- KG/0062/P",1 +,2 +,0 +,0 =,3
KG/0064/P,POLY HOSPITAL AND MAT.HOME- KG/0064/P,5 +,14 +,0 +,0 =,19
KG/0065/P,LARONK CLINIC AND MATERNITY- KG/0065/P,35 +,65 +,0 +,0 =,100
KG/0084/P,KOGI STATE SPECIALIST HOSPITAL- KG/0084/P,21 +,39 +,1 +,0 =,61
KG/0086/P,NATIONAL IRON ORE MINING COMPANY LIMITED MEDICAL CENTRE- KG/0086/P,0 +,1 +,0 +,0 =,1
KG/0090/P,LIBERTY MEDICAL CLINIC - KG/0090/P,24 +,67 +,0 +,0 =,91
KG/0091/P,ST. MARGARET `S CLINIC- KG/0091/P,0 +,1 +,0 +,0 =,1
KG/0092/P,COVENANT CARE CLINIC AND MATERNITY - KG/0092/P,128 +,347 +,0 +,0 =,475
KG/0100/P,NAGAZI CLINIC AND MATERNITY- KG/0100/P,1 +,2 +,0 +,0 =,3
KG/0103/P,BETHEL HOSPITAL - KG/0103/P,1 +,4 +,0 +,0 =,5
KG/0106/P,REHOBOTH SPECIALIST HOSPITAL - KG/0106/P,13 +,32 +,0 +,0 =,45
KG/0111/P,CONCORD HOSPITAL- KG/0111/P,0 +,1 +,0 +,0 =,1
KG/0118/P,FAITH CLINIC- KG/0118/P,5 +,6 +,0 +,0 =,11
KG/0139/P,CONFLUENCE CITY CLINIC AND MATERNITY- KG/0139/P,1 +,0 +,0 +,0 =,1
KG/0143/P,CONFLUENCE CITY HOSPITAL- KG/0143/P,1 +,2 +,0 +,0 =,3
KG/0222/P,SHIFAAH HOSPITAL-KG/0222/P,4 +,10 +,0 +,0 =,14
KG/0389/P,KINGS GLORY CLINIC AND MATERNITY-KG/0389/P,1 +,4 +,0 +,0 =,5
KN/0015/P,SIR MOHAMMED SANUSI SPECIALIST HOSP.- KN/0015/P,2 +,0 +,0 +,0 =,2
KN/0026/P,KHADIJAT MEMORIAL HOSPITAL- KN/0026/P,11 +,24 +,0 +,0 =,35
KN/0030/P,TOPCARE SPECIALIST MEDICAL CENTRE- KN/0030/P,1 +,1 +,0 +,0 =,2
KN/0031/P,IVORY CLINIC AND MATERNITY- KN/0031/P,4 +,9 +,0 +,0 =,13
KN/0034/P,SAYMAYS SPECIALIST HOSPITAL LTD- KN/0034/P,1 +,1 +,0 +,0 =,2
KN/0035/P,INTERNATIONAL CLINIC AND HOSPITAL LTD.- KN/0035/P,66 +,138 +,0 +,2 =,206
KN/0042/P,ZAKS CLINIC AND MATERNITY LTD.- KN/0042/P,1 +,0 +,0 +,0 =,1
KN/0070/P,BAREWA CLINIC AND MATERNITY- KN/0070/P,45 +,64 +,0 +,0 =,109
KN/0071/P,DSS CLINIC - KN/0071/P,1 +,0 +,0 +,0 =,1
KN/0072/P,NIGERIA CUSTOMS SERVICE MED. CENTRE- KN/0072/P,1 +,1 +,0 +,0 =,2
KN/0073/P,ARMED FORCES SPEC. HOSPITAL- KN/0073/P,9 +,9 +,0 +,0 =,18
KN/0074/P,"349 NIGERIAN AIRFORCE HOSPITAL, KANO- KN/0074/P",3 +,6 +,0 +,0 =,9
KN/0075/P,"GENERAL HOSPITAL, GWARZO- KN/0075/P",1 +,2 +,0 +,0 =,3
KN/0076/P,MURTALA MOHAMMED SPEC. HOSPITAL- KN/0076/P,29 +,38 +,0 +,0 =,67
KN/0077/P,"GENERAL HOSPITAL, WUDIL- KN/0077/P",3 +,6 +,0 +,0 =,9
KN/0078/P,MOHAMMED ABDULLAHI WASE SPEC. HOSPITAL- KN/0078/P,72 +,121 +,0 +,0 =,193
KN/0081/P,SHEIKH MOHAMMED JIDA GEN. HOSPITAL- KN/0081/P,1 +,1 +,0 +,0 =,2
KN/0082/P,AMINU KANO TEACHING HOSPITAL- KN/0082/P,276 +,633 +,5 +,0 =,914
KN/0085/P,"3 BDE MC, KANO- KN/0085/P",1 +,1 +,0 +,0 =,2
KN/0086/P,BAYERO UNIVERSITY HEALTH CENTRE- KN/0086/P,2 +,5 +,0 +,0 =,7
KN/0089/P,COTTAGE HOSPITAL/COMPREHENSIVE HEALTH CENTRE - KN/0089/P,1 +,0 +,0 +,0 =,1
KN/0091/P,"NATIONAL ORTHOPAEDIC HOSPITAL, KANO- KN/0091/P",12 +,35 +,1 +,0 =,48
KN/0095/P,STANDARD SPECIAL HOSPITAL- KN/0095/P,43 +,120 +,0 +,0 =,163
KN/0108/P,GOOD PASTURE CLINIC- KN/0108/P,1 +,0 +,0 +,0 =,1
KN/0109/P,LAFIYA SURGERY- KN/0109/P,1 +,0 +,0 +,0 =,1
KN/0111/P,"GENERAL HOSPITAL, BICHI- KN/0111/P",2 +,5 +,0 +,0 =,7
KN/0115/P,AL NOURY SPECIALIST HOSPITAL- KN/0115/P,1 +,2 +,0 +,0 =,3
KN/0120/P,NIGERIAN LAW SCHOOL MEDICAL CENTRE- KN/0120/P,5 +,7 +,0 +,0 =,12
KN/0149/P,AMITY HOSPITAL AND MEDICAL SERVICES LTD- KN/0149/P,4 +,8 +,0 +,0 =,12
KN/0155/P,NOL INTERNATIONAL HOSPITAL AND DIAGNOSIS CENTRE LIMITED- KN/0155/P,2 +,4 +,0 +,0 =,6
KN/0160/P,TUNIK HOSPITAL- KN/0160/P,1 +,4 +,0 +,0 =,5
KN/0177/P,OASIS CLINIC MATERNITY- KN/0177/P,1 +,2 +,0 +,0 =,3
KN/0181/P,NORTHWEST UNIVERSITY TEACHING HOSPITAL- KN/0181/P,2 +,5 +,0 +,0 =,7
KN/0183/P,BEST CHOICE CLINIC AND MATERNITY- KN/0183/P,1 +,1 +,0 +,0 =,2
KN/0186/P,BEBEJI GENERAL HOSPITAL- KN/0186/P,1 +,3 +,0 +,0 =,4
KN/0201/P,PRIME ALLIANCE MULTICARE SPECIALIST HOSPITAL- KN/0201/P,1 +,7 +,0 +,0 =,8
KN/0205/P,SOFTCARE HOSPITAL- KN/0205/P,1 +,4 +,0 +,0 =,5
KN/0352/P,NEW AGE SPECIALIST MEDICAL CENTRE- KN/0352/P,6 +,19 +,0 +,0 =,25
KN/0359/P,IMAN WALI GENERAL HOSPITAL- KN/0359/P,8 +,20 +,0 +,0 =,28
KN/0363/P,SASSAUKA CLINIC ANDDIAGNOSTIC CLINIC- KN/0363/P,1 +,2 +,0 +,0 =,3
KN/0364/P,MARIA VIKE SPECIALIST CLINIC AND MATERNITY- KN/0364/P,0 +,1 +,0 +,0 =,1
KN/0371/P,KHALIFA SHEIKH ISIYAKA RABIU SPECIALIST HOSPITAL- KN/0371/P,2 +,4 +,0 +,0 =,6
KN/0933/P,KHADIJAT MEMORIAL HOSPITAL-KN/0933/P,1 +,2 +,0 +,0 =,3
KN/0936/P,MDS HOSPITAL-KN/0936/P,1 +,0 +,0 +,0 =,1
KN/0943/P,TRIUMPH CLINIC & MATERNITY-KN/0943/P,1 +,3 +,0 +,0 =,4
KT/0005/P,"GENERAL HOSPITAL, DAURA- KT/0005/P",0 +,6 +,0 +,0 =,6
KT/0009/P,"GENERAL HOSPITAL, DUTSINMA- KT/0009/P",1 +,4 +,0 +,0 =,5
KT/0012/P,SRAKIN MASKA SHEHU HOSPITAL (SMASH FUNTUA)- KT/0012/P,1 +,0 +,0 +,0 =,1
KT/0019/P,GENERAL HOSPITAL KANKARA- KT/0019/P,0 +,2 +,0 +,0 =,2
KT/0020/P,"GENERAL HOSPITAL, KANKIYA- KT/0020/P",1 +,3 +,0 +,0 =,4
KT/0021/P,"FEDERAL TEACHING HOSPITAL, KATSINA-KT/0021/P",45 +,116 +,0 +,0 =,161
KT/0036/P,GENERAL HOSPITAL MANI- KT/0036/P,2 +,3 +,0 +,0 =,5
KT/0042/P,"GENERAL HOSPITAL, MALUFASHI- KT/0042/P",2 +,7 +,0 +,0 =,9
KT/0055/P,NEW FUNTUA CLINIC- KT/0055/P,6 +,28 +,0 +,0 =,34
KT/0076/P,ALHERI CLINIC- KT/0076/P,2 +,6 +,0 +,0 =,8
KT/0103/P,"263 NIGERIAN AIR FORCE REFERENCE HOSPITAL, DAURA- KT/0103/P",3 +,10 +,0 +,0 =,13
KT/0502/P,WELLNESS MULTI-SPECIALITY CLINIC-KT/0502/P,1 +,0 +,0 +,0 =,1
KW/0001/P,TEMITOPE HOSPITAL- KW/0001/P,5 +,12 +,0 +,0 =,17
KW/0002/P,OLA OLU HOSPITAL- KW/0002/P,5 +,18 +,0 +,0 =,23
KW/0006/P,OORELOPE HOSPITAL- KW/0006/P,10 +,13 +,0 +,0 =,23
KW/0012/P,OLALOMI HOSPITAL - ILORIN- KW/0012/P,17 +,2 +,0 +,0 =,19
KW/0013/P,"COTTAGE HOSPITAL, AJASE-IPO- KW/0013/P",1 +,1 +,0 +,0 =,2
KW/0015/P,OMOLOLA HOSPITAL- KW/0015/P,14 +,27 +,0 +,0 =,41
KW/0020/P,SOBI SPECIALIST HOSPITAL- KW/0020/P,1 +,1 +,0 +,0 =,2
KW/0024/P,OLAREWAJU HOSPITAL- KW/0024/P,39 +,115 +,0 +,0 =,154
KW/0027/P,UNIVERSITY TEACHING HOSPITAL ILORIN- KW/0027/P,49 +,127 +,2 +,0 =,178
KW/0028/P,DELNIKS HOSPITAL- KW/0028/P,10 +,22 +,0 +,0 =,32
KW/0030/P,FEMIS HOSPITAL- KW/0030/P,3 +,3 +,0 +,0 =,6
KW/0032/P,"GENERAL HOSPITAL, OMUARAN- KW/0032/P",0 +,3 +,0 +,0 =,3
KW/0037/P,ABANISE LOLU HOSPITAL- KW/0037/P,3 +,20 +,0 +,0 =,23
KW/0038/P,KIDDIZ CLINIC- KW/0038/P,8 +,37 +,0 +,0 =,45
KW/0041/P,TOBI HOSPITAL- KW/0041/P,1 +,2 +,0 +,0 =,3
KW/0042/P,SABO-OKE MEDICAL CENTRE- KW/0042/P,1 +,1 +,0 +,0 =,2
KW/0048/P,ANCHORMED HOSPITAL- KW/0048/P,27 +,81 +,0 +,0 =,108
KW/0051/P,SURULERE MEDICAL CENTRE- KW/0051/P,8 +,24 +,0 +,0 =,32
KW/0052/P,KOSEMANI HOSPITAL- KW/0052/P,1 +,3 +,0 +,0 =,4
KW/0054/P,"GENERAL HOSPITAL, ERIN-IIE- KW/0054/P",1 +,4 +,0 +,0 =,5
KW/0063/P,OLA-OLU HOSPITAL- KW/0063/P,2 +,1 +,0 +,0 =,3
KW/0089/P,AJISAFE HOSPITAL- KW/0089/P,1 +,2 +,0 +,0 =,3
KW/0091/P,GARIN ALIMI HOSPITAL- KW/0091/P,3 +,13 +,0 +,0 =,16
KW/0102/P,ORE OFE CLINIC AND MATERNITY- KW/0102/P,1 +,1 +,0 +,0 =,2
KW/0110/P,OLALOMI HOSPITAL - OFFA- KW/0110/P,27 +,16 +,0 +,0 =,43
KW/0111/P,ROYAL CARE HOSPITAL- KW/0111/P,4 +,8 +,0 +,0 =,12
KW/0138/P,CIVIL SERVICE HOSPITAL- KW/0138/P,2 +,5 +,0 +,0 =,7
KW/0139/P,"GENERAL HOSPITAL, SHARE- KW/0139/P",0 +,1 +,0 +,0 =,1
KW/0144/P,OLUTAYO CLINIC AND MATERNITY- KW/0144/P,4 +,8 +,0 +,0 =,12
KW/0176/P,CRESCENT GOLD CROWN HOSPITAL- KW/0176/P,10 +,25 +,0 +,0 =,35
KW/0179/P,BALM HOSPITAL- KW/0179/P,3 +,3 +,0 +,0 =,6
KW/0197/P,TIM HOSPITAL- KW/0197/P,0 +,4 +,0 +,0 =,4
KW/0198/P,YUSJIB INDUSTRIAL MEDICARE- KW/0198/P,6 +,15 +,0 +,0 =,21
KW/0202/P,OMOLEWA HOSPITAL- KW/0202/P,1 +,3 +,0 +,0 =,4
KW/0204/P,LIFE FOUNT INTERNATIONAL HOSPITAL- KW/0204/P,1 +,2 +,0 +,0 =,3
KW/0214/P,GENERAL HOSPITAL ILORIN- KW/0214/P,8 +,21 +,0 +,0 =,29
KW/0227/P,BOAZ MEDICALS - KW/0227/P,1 +,0 +,0 +,0 =,1
KW/0231/P,OWOLABI-CARE HOSPITAL- KW/0231/P,1 +,2 +,0 +,0 =,3
KW/0236/P,"MED CARE HOSPITAL, ILORIN - KW/0236/P",1 +,1 +,0 +,0 =,2
KW/0241/P,MAXI HEALTH HOSPITAL- KW/0241/P,2 +,8 +,0 +,0 =,10
KW/0256/P,LEAH MEDICAL CENTRE- KW/0256/P,2 +,4 +,0 +,0 =,6
LA/0001/P,"PRINCE AND PRINCESS HOSPITAL, EGBEDA- LA/0001/P",15 +,22 +,0 +,0 =,37
LA/0002/P,TALENT SPECIALIST HOSPITAL- LA/0002/P,4 +,4 +,0 +,0 =,8
LA/0004/P,"BARBINTON MEDICAL CENTRE, KETU- LA/0004/P",2 +,1 +,0 +,0 =,3
LA/0007/P,DEJI CLINIC- LA/0007/P,1 +,0 +,0 +,0 =,1
LA/0009/P,COUNTY HOSPITAL- LA/0009/P,7 +,5 +,0 +,2 =,14
LA/0010/P,"OSUNTUYI MEDICAL CENTER, IJU_ISHAGA- LA/0010/P",11 +,16 +,0 +,0 =,27
LA/0014/P,BETTA HOSPITALS LTD.- LA/0014/P,2 +,2 +,0 +,0 =,4
LA/0017/P,MUCAS HOSPITAL- LA/0017/P,4 +,7 +,0 +,0 =,11
LA/0036/P,AJEROMI GENERAL HOSPITAL- LA/0036/P,6 +,10 +,0 +,0 =,16
LA/0037/P,PRINCE AND PRINCESS HOSPITAL- LA/0037/P,3 +,1 +,0 +,0 =,4
LA/0038/P,ALL SOUL`S CLINICS LTD- LA/0038/P,2 +,6 +,0 +,0 =,8
LA/0041/P,CONVENANT CONCEPTION HOSPITAL- LA/0041/P,1 +,0 +,0 +,0 =,1
LA/0042/P,MOUNT SINA`I HOSPITAL - EGBE- LA/0042/P,3 +,5 +,0 +,0 =,8
LA/0046/P,ZENITH MEDICAL CENTRE- LA/0046/P,3 +,5 +,0 +,0 =,8
LA/0057/P,SHEPHERD SPECIALIST HOSPITAL- LA/0057/P,2 +,4 +,0 +,0 =,6
LA/0059/P,FIRST FAITH MED. CENTRE LTD.- LA/0059/P,10 +,8 +,0 +,0 =,18
LA/0060/P,GRAYMA MEDICAL CENTRE- LA/0060/P,1 +,0 +,0 +,0 =,1
LA/0062/P,ST. ANTHONY`S MEDICAL CENTRE - LA/0062/P,1 +,1 +,0 +,0 =,2
LA/0063/P,HOVA`S PLACE HOSPITAL AND CLINIC- LA/0063/P,1 +,0 +,0 +,0 =,1
LA/0065/P,PALM BEACH FOUNDATION HOSPITAL LTD.- LA/0065/P,1 +,1 +,0 +,0 =,2
LA/0082/P,ITUAH HOSPITAL LTD.- LA/0082/P,8 +,8 +,0 +,0 =,16
LA/0085/P,EMEL HOSPITAL- LA/0085/P,32 +,74 +,0 +,0 =,106
LA/0086/P,AMC HOSPITAL- LA/0086/P,3 +,8 +,0 +,0 =,11
LA/0093/P,ABBEY MEDICAL CENTRE- LA/0093/P,0 +,1 +,0 +,0 =,1
LA/0096/P,OSTARD HOSPITAL AND MAT. HOME- LA/0096/P,1 +,0 +,0 +,0 =,1
LA/0102/P,HILTON HOSPITAL- LA/0102/P,4 +,10 +,0 +,0 =,14
LA/0111/P,"GENERAL HOSPITAL, BADAGRY- LA/0111/P",2 +,5 +,0 +,0 =,7
LA/0112/P,GRACE-LAND MEDICAL CENTER- LA/0112/P,13 +,20 +,0 +,0 =,33
LA/0134/P,DOREN SPECIALIST HOSPITAL- LA/0134/P,4 +,7 +,0 +,0 =,11
LA/0135/P,KINGS HOSPITAL- LA/0135/P,1 +,0 +,0 +,0 =,1
LA/0138/P,COSMODERM MEDICAL CENTRE- LA/0138/P,1 +,0 +,0 +,0 =,1
LA/0145/P,GERMAINE HEALTH CENTRE- LA/0145/P,2 +,2 +,0 +,0 =,4
LA/0148/P,HAVILAH HOSPITAL- LA/0148/P,2 +,4 +,0 +,0 =,6
LA/0151/P,THE ROYAL INFIRMARY HOSPITAL- LA/0151/P,3 +,6 +,0 +,0 =,9
LA/0165/P,UPTOWN MEDICAL CENTRE- LA/0165/P,2 +,6 +,0 +,0 =,8
LA/0177/P,BRAFUS SPECIALIST HOSPITAL- LA/0177/P,1 +,4 +,0 +,0 =,5
LA/0179/P,ST. LEO`S CATHOLIC CLINIC- LA/0179/P,1 +,1 +,0 +,0 =,2
LA/0182/P,ST. IVES MEDICAL CENTRE- LA/0182/P,2 +,7 +,0 +,0 =,9
LA/0184/P,FASANMI CLINIC AND MATERNITY- LA/0184/P,2 +,4 +,0 +,0 =,6
LA/0186/P,IKEJA MEDICAL CENTRE- LA/0186/P,5 +,5 +,0 +,0 =,10
LA/0187/P,HOLY TRINITY HOSPITAL- LA/0187/P,2 +,1 +,0 +,0 =,3
LA/0190/P,MOTAYO HOSPITAL LIMITED- LA/0190/P,1 +,1 +,0 +,0 =,2
LA/0237/P,NEW-GATE HOSPITAL- LA/0237/P,47 +,76 +,0 +,0 =,123
LA/0238/P,"GENERAL HOSPITAL, IKORODU- LA/0238/P",20 +,30 +,0 +,3 =,53
LA/0239/P,IKORODU HOSPITAL AND CLINIC.- LA/0239/P,4 +,3 +,0 +,0 =,7
LA/0251/P,DEJI CLINIC LTD.- LA/0251/P,1 +,5 +,0 +,0 =,6
LA/0252/P,AYO CLINIC- LA/0252/P,4 +,5 +,0 +,0 =,9
LA/0254/P,GLORIA HOSPITAL- LA/0254/P,1 +,2 +,0 +,0 =,3
LA/0256/P,LIFE FOUNTAIN MEDICAL CLINIC- LA/0256/P,1 +,0 +,0 +,0 =,1
LA/0259/P,FOLARIN FOUNTAIN HOSPITAL AND MATERNITY HOME- LA/0259/P,1 +,0 +,0 +,0 =,1
LA/0265/P,MED-IN SPECIALIST HOSPITAL- LA/0265/P,5 +,5 +,0 +,0 =,10
LA/0268/P,LONGING MEDICAL CENTRE- LA/0268/P,9 +,19 +,0 +,0 =,28
LA/0279/P,FEDERAL MEDICAL CENTRE - EBUTE METTA- LA/0279/P,62 +,49 +,0 +,0 =,111
LA/0283/P,NIGERIAN RAILWAY HOSPITAL- LA/0283/P,2 +,0 +,0 +,0 =,2
LA/0285/P,MT. SINAI HOSPITAL- LA/0285/P,1 +,1 +,0 +,0 =,2
LA/0288/P,ST. LUKE`S HOSPITAL - LA/0288/P,10 +,9 +,0 +,0 =,19
LA/0307/P,LUMICO MEDICAL CENTRE- LA/0307/P,1 +,0 +,0 +,0 =,1
LA/0310/P,MOUNT SINAI HOSPITAL - MUSHIN- LA/0310/P,2 +,3 +,0 +,0 =,5
LA/0311/P,HILLSTAR CLINICS- LA/0311/P,1 +,1 +,0 +,0 =,2
LA/0313/P,MAY CLINICS LIMITED- LA/0313/P,4 +,5 +,0 +,0 =,9
LA/0320/P,IYALODE BISOYE TEJUOSO HOSPITAL- LA/0320/P,3 +,2 +,0 +,0 =,5
LA/0322/P,MAY HOSPITAL ILUPEJU- LA/0322/P,1 +,0 +,0 +,0 =,1
LA/0332/P,KILADEJO HOSPITAL AND SPECIALIST CLINICS- LA/0332/P,7 +,12 +,0 +,0 =,19
LA/0333/P,FELLOWSHIP CLINICS- LA/0333/P,1 +,0 +,0 +,0 =,1
LA/0339/P,FEMOLA HOSPITAL- LA/0339/P,3 +,4 +,0 +,0 =,7
LA/0351/P,DOLU HOSPITAL- LA/0351/P,4 +,5 +,0 +,0 =,9
LA/0353/P,EDMAC MEDICAL CENTRE- LA/0353/P,1 +,1 +,0 +,0 =,2
LA/0354/P,DIVINE -GRACE MEDICAL CENTRE- LA/0354/P,1 +,2 +,0 +,0 =,3
LA/0355/P,HOLY SAVIOUR HOSP. CLINIC AND MAT. HOME- LA/0355/P,1 +,1 +,0 +,0 =,2
LA/0357/P,GEO MEDICAL CENTRE- LA/0357/P,2 +,0 +,0 +,0 =,2
LA/0358/P,ONE LIFE HOSPITAL LIMITED- LA/0358/P,1 +,1 +,0 +,0 =,2
LA/0359/P,ST. EMMANUEL CLINICS AND HOSPITAL- LA/0359/P,3 +,3 +,0 +,0 =,6
LA/0360/P,ALPHA PEACE MEDICAL CENTRE- LA/0360/P,1 +,1 +,0 +,0 =,2
LA/0361/P,ST. RAPHAEL`S HOSPITAL LTD.- LA/0361/P,9 +,20 +,0 +,0 =,29
LA/0363/P,BOSE SPECIALIST HOSPITAL- LA/0363/P,1 +,0 +,0 +,0 =,1
LA/0367/P,LIVES FOUNTAIN MEDICARE- LA/0367/P,4 +,6 +,0 +,0 =,10
LA/0368/P,BISSALAM HOSPITAL COMPLEX- LA/0368/P,0 +,2 +,0 +,0 =,2
LA/0370/P,"GENERAL HOSPITAL, ISOLO- LA/0370/P",21 +,36 +,0 +,0 =,57
LA/0374/P,CRI MEDICLINIC LEKKI VGC- LA/0374/P,4 +,5 +,0 +,0 =,9
LA/0378/P,AKINBOLADE SPECIALIST HOSPITAL- LA/0378/P,1 +,2 +,0 +,0 =,3
LA/0379/P,NUKLIUS SPECIALIST CLINIC- LA/0379/P,1 +,0 +,0 +,0 =,1
LA/0401/P,SOLBI CONTINENTAL HOSPITAL LTD.- LA/0401/P,2 +,1 +,0 +,0 =,3
LA/0403/P,GENERAL HOSPITAL GBAGADA- LA/0403/P,18 +,17 +,0 +,0 =,35
LA/0429/P,OLANIBA MEM. SPEC. HOSPITAL- LA/0429/P,3 +,2 +,0 +,0 =,5
LA/0431/P,ISIOMA HOSPITAL- LA/0431/P,2 +,0 +,0 +,0 =,2
LA/0438/P,ST. LUKE`S MEDICAL CENTRE- LA/0438/P,1 +,0 +,0 +,0 =,1
LA/0440/P,A.B. SPECIALIST HOSPITAL GROUP- LA/0440/P,2 +,1 +,0 +,0 =,3
LA/0444/P,SMITH MEDICAL CENTRE- LA/0444/P,2 +,4 +,0 +,0 =,6
LA/0447/P,MODEL SPECIALIST HOSPITAL- LA/0447/P,3 +,2 +,0 +,0 =,5
LA/0448/P,FIRST DOMINICAN HOSPITAL LTD- LA/0448/P,1 +,0 +,0 +,0 =,1
LA/0450/P,MEZONEL HOSPITAL- LA/0450/P,3 +,4 +,0 +,0 =,7
LA/0456/P,UWEMEDIMO HOSPITAL LTD- LA/0456/P,2 +,5 +,0 +,0 =,7
LA/0458/P,SHALOM HOSPITAL LTD.- LA/0458/P,0 +,1 +,0 +,0 =,1
LA/0459/P,REMILEKUN MEMORIAL MEDICAL CENTRE- LA/0459/P,1 +,1 +,0 +,0 =,2
LA/0492/P,LIVING SPRING HOSPITAL AND MAT. HOME- LA/0492/P,3 +,5 +,0 +,0 =,8
LA/0507/P,68 NIGERIAN ARMY REF. HOSP.- LA/0507/P,16 +,22 +,0 +,0 =,38
LA/0508/P,MILITARY HOSPITAL OR CREEK HOSPITAL- LA/0508/P,3 +,6 +,0 +,2 =,11
LA/0509/P,81 DIVISION HOSPITAL- LA/0509/P,1 +,0 +,0 +,0 =,1
LA/0510/P,445 NIGERIAN AIRFORCE HOSPITAL- LA/0510/P,64 +,93 +,0 +,0 =,157
LA/0511/P,NIGERIAN AIRFORCE MEDICAL CENTRE - ONIKAN- LA/0511/P,1 +,0 +,0 +,1 =,2
LA/0519/P,"GENERAL HOSPITAL, GBAGADA- LA/0519/P",0 +,0 +,2 +,0 =,2
LA/0524/P,LAGOON CLINIC- LA/0524/P,18 +,19 +,0 +,0 =,37
LA/0526/P,"LAGOON HOSPITAL, IKEJA- LA/0526/P",43 +,56 +,0 +,0 =,99
LA/0528/P,FINNIH MEDICAL CENTRE- LA/0528/P,2 +,2 +,0 +,0 =,4
LA/0529/P,KUPA MEDICAL CENTRE LTD- LA/0529/P,7 +,7 +,0 +,0 =,14
LA/0533/P,DELTA CROWN HOSPITAL AND MAT. HOME- LA/0533/P,8 +,19 +,0 +,0 =,27
LA/0541/P,"FAITH CITY HOSPITAL, AJAO -ESTATE- LA/0541/P",3 +,7 +,0 +,0 =,10
LA/0545/P,R-JOLAD HOSPITAL- LA/0545/P,56 +,70 +,0 +,0 =,126
LA/0549/P,HEALS SPECIALIST HOSPITAL- LA/0549/P,1 +,1 +,0 +,0 =,2
LA/0554/P,KROWN HOSPITAL AND MATERNITY CENTRE- LA/0554/P,1 +,1 +,0 +,0 =,2
LA/0560/P,FABMA HOSPITAL- LA/0560/P,1 +,1 +,0 +,0 =,2
LA/0561/P,LAGOS UNIV. TEACH. HOSP.- LA/0561/P,25 +,44 +,0 +,0 =,69
LA/0562/P,LAGOS ISLAND MATERNITY HOSP.- LA/0562/P,2 +,3 +,0 +,0 =,5
LA/0563/P,LAGOS STATE UNIVERSITY TEACH. HOSPITAL- LA/0563/P,39 +,50 +,0 +,1 =,90
LA/0564/P,LAGOS STATE GENERAL HOSPITAL- LA/0564/P,10 +,13 +,0 +,0 =,23
LA/0566/P,ELEGBELEYE SPECIALIST HOSPITAL- LA/0566/P,8 +,4 +,0 +,0 =,12
LA/0582/P,"242 RECCE BN MRS, BADAGRY- LA/0582/P",1 +,1 +,0 +,0 =,2
LA/0588/P,"POLICE HOSPITAL, FALOMO- LA/0588/P",1 +,0 +,0 +,0 =,1
LA/0591/P,NIGERIAN NAVY REFERENCE HOSPITAL- LA/0591/P,12 +,16 +,0 +,0 =,28
LA/0592/P,NAVY MEDICAL CENTRE - LA/0592/P,3 +,0 +,0 +,0 =,3
LA/0599/P,LADI-LAK MEDICAL CENTRE- LA/0599/P,11 +,12 +,0 +,0 =,23
LA/0601/P,SAMARIA HOSPITAL- LA/0601/P,2 +,4 +,0 +,0 =,6
LA/0606/P,VONES MEDICAL CENTRE- LA/0606/P,1 +,1 +,0 +,0 =,2
LA/0611/P,T AND S HOSPITAL- LA/0611/P,2 +,0 +,0 +,0 =,2
LA/0612/P,GOOD HEALTH MEDICAL CENTRE- LA/0612/P,1 +,4 +,0 +,0 =,5
LA/0617/P,ANIYUN HOSPITAL- LA/0617/P,1 +,2 +,0 +,0 =,3
LA/0618/P,SAFE-WAY HOSPITAL AND MATERNITY- LA/0618/P,1 +,0 +,0 +,0 =,1
LA/0623/P,BOLA HOSPITAL AND MATERNITY HOME- LA/0623/P,4 +,8 +,0 +,0 =,12
LA/0626/P,AGO MEDICAL CENTRE- LA/0626/P,2 +,5 +,0 +,0 =,7
LA/0627/P,BEST HOPE HOSPITAL LIMITED- LA/0627/P,1 +,2 +,0 +,0 =,3
LA/0630/P,AMESO SPECIALIST HOSPITAL- LA/0630/P,1 +,2 +,0 +,0 =,3
LA/0633/P,NEW ALPHA MEDICAL CENTRE- LA/0633/P,1 +,1 +,0 +,0 =,2
LA/0635/P,ARUNA OGUN MEMORIAL SPECIALIST HOSPITAL- LA/0635/P,1 +,1 +,0 +,0 =,2
LA/0636/P,GEO-MARIE HOSPITAL- LA/0636/P,1 +,0 +,0 +,0 =,1
LA/0637/P,HEDA HOSPITAL- LA/0637/P,1 +,1 +,0 +,0 =,2
LA/0640/P,BALDA HOSPITAL AND MATERNITY- LA/0640/P,1 +,0 +,0 +,0 =,1
LA/0643/P,AYODELE MEDICAL CENTRE- LA/0643/P,3 +,5 +,0 +,0 =,8
LA/0644/P,FIRST LINE HOSPITAL- LA/0644/P,1 +,1 +,0 +,0 =,2
LA/0645/P,PETROS FOUNDATION HOSPITAL- LA/0645/P,1 +,1 +,0 +,0 =,2
LA/0646/P,ANCILLA CATHOLIC HOSPITAL- LA/0646/P,6 +,12 +,0 +,0 =,18
LA/0647/P,JOBI CLINIC AND MATERNITY HOSPITAL- LA/0647/P,2 +,3 +,0 +,0 =,5
LA/0650/P,ESIRI SPECIALIST HOSPITAL- LA/0650/P,1 +,3 +,0 +,0 =,4
LA/0652/P,CHRISTIANA CLINIC- LA/0652/P,2 +,1 +,0 +,0 =,3
LA/0654/P,UNITA HOSPITAL- LA/0654/P,2 +,2 +,0 +,0 =,4
LA/0655/P,SUBOL HOSPITAL- LA/0655/P,16 +,37 +,0 +,3 =,56
LA/0656/P,SHAMMAH HOSPITAL- LA/0656/P,2 +,2 +,0 +,0 =,4
LA/0657/P,SOLIK HOSPITAL - LA/0657/P,1 +,1 +,0 +,0 =,2
LA/0662/P,AJAYI MEDICAL CENTER- LA/0662/P,5 +,9 +,0 +,0 =,14
LA/0667/P,NATAFOD CONSULTANTS HOSPITAL- LA/0667/P,1 +,1 +,0 +,0 =,2
LA/0670/P,ADESOLA CLINIC- LA/0670/P,3 +,1 +,0 +,0 =,4
LA/0673/P,PROMISE MEDICAL CENTER LTD- LA/0673/P,5 +,10 +,0 +,0 =,15
LA/0674/P,PRIMEX HOSPITAL- LA/0674/P,7 +,6 +,0 +,0 =,13
LA/0677/P,OKIKI CLINIC AND MATERNITY- LA/0677/P,2 +,1 +,0 +,0 =,3
LA/0679/P,MOBONIKE-T MEDICAL CENTRE- LA/0679/P,2 +,6 +,0 +,0 =,8
LA/0683/P,LIGHT HOSPITAL - LA/0683/P,7 +,11 +,0 +,0 =,18
LA/0686/P,PLATO HOSPITAL AND MATERNITY HOME- LA/0686/P,1 +,2 +,0 +,0 =,3
LA/0688/P,G. ESTATE CLINIC- LA/0688/P,1 +,5 +,0 +,0 =,6
LA/0690/P,DAYSPRING HOSPITAL AND MATERNITY- LA/0690/P,2 +,1 +,0 +,0 =,3
LA/0694/P,THE ARK HOSPITAL AND MATERNITY- LA/0694/P,2 +,1 +,0 +,0 =,3
LA/0697/P,ADENIKE FADEYIBI MEMORIAL HOSPITAL- LA/0697/P,2 +,0 +,0 +,0 =,2
LA/0699/P,GOLDEN CROSS INFIRMARY HOSPITAL AND MATERNITY HOME LTD.- LA/0699/P,22 +,38 +,0 +,0 =,60
LA/0703/P,GATEWAY CLINIC AND MATERNITY- LA/0703/P,1 +,1 +,0 +,0 =,2
LA/0705/P,ELPHY HOSPITAL- LA/0705/P,1 +,1 +,0 +,0 =,2
LA/0708/P,BONNE SANTE HOSPITAL- LA/0708/P,3 +,8 +,0 +,0 =,11
LA/0709/P,TIN CAN HOSPITAL- LA/0709/P,3 +,3 +,0 +,0 =,6
LA/0710/P,MAKAL MEDICAL CENTRE- LA/0710/P,6 +,7 +,0 +,0 =,13
LA/0711/P,PATOL MEDICAL CENTRE- LA/0711/P,1 +,2 +,0 +,0 =,3
LA/0713/P,DE-NEW AIYETORO MEDICAL CENTRE- LA/0713/P,1 +,0 +,0 +,0 =,1
LA/0714/P,THE GREAT PHYSCIAN HOSPITAL LTD- LA/0714/P,1 +,3 +,0 +,0 =,4
LA/0716/P,GENERAL HOSPITAL APAPA- LA/0716/P,12 +,18 +,0 +,0 =,30
LA/0721/P,ADEFEMI HOSPITAL - LA/0721/P,2 +,2 +,0 +,0 =,4
LA/0724/P,ISALU HOSPITAL- LA/0724/P,6 +,10 +,0 +,0 =,16
LA/0725/P,OMOLEWA MEDICAL CENTRE- LA/0725/P,2 +,2 +,0 +,0 =,4
LA/0729/P,WHITE HOUSE CLINIC- LA/0729/P,1 +,0 +,0 +,0 =,1
LA/0731/P,SOLID ROCK HOSPITAL- LA/0731/P,17 +,35 +,0 +,0 =,52
LA/0733/P,MOTHER AND CHILD HOSPITAL- LA/0733/P,2 +,2 +,0 +,0 =,4
LA/0737/P,G AND S MEDICAL AND DENTAL HOSPITAL- LA/0737/P,1 +,0 +,0 +,0 =,1
LA/0743/P,ST. CHARLES HOSPITAL - LA/0743/P,1 +,1 +,0 +,0 =,2
LA/0745/P,PARKANDE SPECIALIST HOSPITAL- LA/0745/P,2 +,2 +,0 +,0 =,4
LA/0748/P,JALUPON ESTATE HOSPITAL- LA/0748/P,4 +,2 +,0 +,0 =,6
LA/0752/P,PRIMUS HOSPITAL- LA/0752/P,4 +,1 +,0 +,0 =,5
LA/0753/P,BIMTOM HOSPITAL- LA/0753/P,1 +,2 +,0 +,0 =,3
LA/0858/P,JEFFIS SPECIALIST HOSPITAL- LA/0858/P,2 +,7 +,0 +,0 =,9
LA/0964/P,SOLAD MEDICAL CENTRE - LA/0964/P,1 +,0 +,0 +,0 =,1
LA/0972/P,AGAPE MEDICAL CENTER- LA/0972/P,3 +,4 +,0 +,0 =,7
LA/0974/P,ANNA MARIA HOSPITAL- LA/0974/P,2 +,3 +,0 +,0 =,5
LA/0994/P,"FIRST CITY HOSPITAL, LEKKI- LA/0994/P",1 +,2 +,0 +,0 =,3
LA/0995/P,"FIRST FAITH MEDICAL CENTRE, SURULERE- LA/0995/P",1 +,3 +,0 +,0 =,4
LA/1001/P,HOLINESS HOSPITAL- LA/1001/P,2 +,3 +,0 +,0 =,5
LA/1002/P,HOLY FAMILY CATHOLIC MEDICAL CENTER- LA/1002/P,3 +,7 +,0 +,0 =,10
LA/1011/P,LIFE LINE CHILDREN HOSPITAL- LA/1011/P,1 +,5 +,0 +,0 =,6
LA/1014/P,LONGE MEDICAL CENTER- LA/1014/P,3 +,9 +,1 +,0 =,13
LA/1015/P,LOTA MEDICAL CENTER- LA/1015/P,0 +,2 +,0 +,0 =,2
LA/1019/P,MANIFEL MEDICAL CENTER- LA/1019/P,1 +,1 +,0 +,0 =,2
LA/1023/P,NATIONAL ORTHOPAEDIC HOSPITAL - LA/1023/P,5 +,5 +,0 +,0 =,10
LA/1030/P,PACIFIC HOSPITAL- LA/1030/P,1 +,1 +,0 +,0 =,2
LA/1031/P,OSBON CLINIC AND MAT.- LA/1031/P,7 +,17 +,0 +,0 =,24
LA/1035/P,REGINA MUNDI CATHOLIC HOSPITAL MUSHIN- LA/1035/P,2 +,3 +,0 +,0 =,5
LA/1040/P,SHALOM HOSPITAL- LA/1040/P,1 +,4 +,0 +,0 =,5
LA/1050/P,ST.KIZITO (PHC)- LA/1050/P,2 +,6 +,0 +,0 =,8
LA/1054/P,"GENERAL HOSPITAL, SURULERE - LA/1054/P",81 +,116 +,0 +,0 =,197
LA/1189/P,REDEEMED MEDICAL CENTRE- LA/1189/P,0 +,3 +,0 +,0 =,3
LA/1201/P,JIM-SAM HOSPITAL AND MATERNITY- LA/1201/P,1 +,1 +,0 +,0 =,2
LA/1207/P,CALVERY GRACE HOSPITAL- LA/1207/P,1 +,0 +,0 +,0 =,1
LA/1218/P,LADE HOSPITAL- LA/1218/P,1 +,2 +,0 +,0 =,3
LA/1259/P,DURO SOLEYE HOSPITAL- LA/1259/P,1 +,4 +,0 +,0 =,5
LA/1290/P,ANGEL HOSPITAL- LA/1290/P,1 +,3 +,0 +,0 =,4
LA/1292/P,ANCEL HOSPITAL- LA/1292/P,1 +,4 +,0 +,0 =,5
LA/1295/P,ADEMOLA HOSPITAL- LA/1295/P,1 +,3 +,0 +,0 =,4
LA/1297/P,FUNTO HOSPITAL- LA/1297/P,4 +,9 +,0 +,0 =,13
LA/1304/P,ST MARY`S SPECIALIST HOSPITAL- LA/1304/P,1 +,0 +,0 +,0 =,1
LA/1307/P,KUNLADE HOSPITAL- LA/1307/P,2 +,3 +,0 +,0 =,5
LA/1311/P,BLUE CROSS HOSPITAL- LA/1311/P,2 +,1 +,0 +,0 =,3
LA/1320/P,URBAN MEDICAL CENTRE- LA/1320/P,1 +,3 +,0 +,0 =,4
LA/1326/P,ILOGBO CENTRAL HOSPITAL- LA/1326/P,1 +,6 +,0 +,0 =,7
LA/1333/P,DIALYZER MEDICAL CENTRE- LA/1333/P,0 +,3 +,0 +,0 =,3
LA/1347/P,GOOD SEED SPECIALIST HOSPITAL- LA/1347/P,1 +,4 +,0 +,0 =,5
LA/1354/P,ST PATRICKS MEDICAL CENTER- LA/1354/P,1 +,2 +,0 +,0 =,3
LA/1363/P,SENTINEL HOSPITAL- LA/1363/P,2 +,4 +,0 +,0 =,6
LA/1373/P,BERNICE CLINIC AND MATERNITY- LA/1373/P,1 +,0 +,0 +,0 =,1
LA/1379/P,NEW MERIT HOSPITAL LTD- LA/1379/P,2 +,2 +,0 +,0 =,4
LA/1396/P,SIKEOYE HOPE CLINIC- LA/1396/P,1 +,1 +,0 +,0 =,2
LA/1414/P,GRACE SPRINGS HOSPITAL- LA/1414/P,2 +,6 +,0 +,0 =,8
LA/1436/P,BOB SPECIALIST HOSPITALS- LA/1436/P,1 +,1 +,0 +,0 =,2
LA/1464/P,RALLY HOSPITAL- LA/1464/P,2 +,3 +,0 +,0 =,5
LA/1483/P,CARING TRUST MEDICAL CLINIC- LA/1483/P,1 +,0 +,0 +,0 =,1
LA/1503/P,EL- DUNAMIS MEDICAL CENTRE- LA/1503/P,3 +,10 +,0 +,0 =,13
LA/1509/P,OAK HOSPITAL- LA/1509/P,22 +,58 +,0 +,0 =,80
LA/1517/P,TRINITY CLINIC AND MATERNITY- LA/1517/P,1 +,2 +,0 +,0 =,3
LA/1549/P,CEDAR CLINICS- LA/1549/P,2 +,1 +,0 +,0 =,3
LA/1555/P,AL- SADIQ MEMORIAL CONVALESCENT HOME- LA/1555/P,1 +,1 +,0 +,0 =,2
LA/1563/P,WEST CARE SPECIALIST HOSPITAL- LA/1563/P,4 +,13 +,0 +,0 =,17
LA/1565/P,PRECIOUS GIFT NURSING SERVICES- LA/1565/P,0 +,2 +,0 +,0 =,2
LA/1568/P,ST. NICHOLAS HOSPITAL- LA/1568/P,6 +,7 +,0 +,0 =,13
LA/1591/P,ST. RAPHAEL DIVINE MERCY SPECIALIST HOSPITAL- LA/1591/P,10 +,23 +,0 +,0 =,33
LA/1593/P,ROLAYO MEDICAL CENTRE- LA/1593/P,1 +,2 +,0 +,0 =,3
LA/1595/P,EL-RHEMA VISION HOSPITAL- LA/1595/P,0 +,1 +,0 +,0 =,1
LA/1626/P,ALIMOSHO GENERAL HOSPITAL- LA/1626/P,7 +,19 +,0 +,0 =,26
LA/1642/P,MAC TOYE HOSPITAL- LA/1642/P,1 +,4 +,0 +,0 =,5
LA/1668/P,GOLDEN CARE HOSP.- LA/1668/P,1 +,5 +,0 +,0 =,6
LA/1677/P,"GENERAL HOSPITAL, MUSHIN- LA/1677/P",2 +,2 +,0 +,0 =,4
LA/1696/P,SANCTUARY HOSPITALS LTD- LA/1696/P,2 +,2 +,0 +,0 =,4
LA/1699/P,MEDISERVICES COMMUNITY HOSPITAL - LA/1699/P,2 +,6 +,0 +,0 =,8
LA/1725/P,HEALING VIRTUES HOSPITAL- LA/1725/P,1 +,6 +,0 +,0 =,7
LA/1731/P,OUTREACH WOMEN AND CHILDREN HOSPITAL- LA/1731/P,0 +,1 +,0 +,0 =,1
LA/1775/P,NNPC CLINIC- LA/1775/P,1 +,0 +,0 +,0 =,1
LA/1784/P,AVON MEDICAL SERVICES LTD- LA/1784/P,2 +,1 +,0 +,0 =,3
LA/1794/P,BEE HESS HOSPITAL- LA/1794/P,3 +,11 +,0 +,0 =,14
LA/1831/P,WESTCARE HOSPITAL- LA/1831/P,1 +,4 +,0 +,0 =,5
LA/1865/P,EKO HOSPITAL (EKOCORP PLC) IKOYI- LA/1865/P,1 +,2 +,0 +,0 =,3
LA/1893/P,OUR FRIEND HOSPITAL- LA/1893/P,1 +,0 +,0 +,0 =,1
LA/1943/P,BERNICE HOSPITAL- LA/1943/P,1 +,3 +,0 +,0 =,4
NG/0002/P,"GENERAL HOSPITAL, AGAIE- NG/0002/P",4 +,3 +,0 +,0 =,7
NG/0003/P,"FEDERAL MEDICAL CENTRE, BIDA- NG/0003/P",14 +,40 +,0 +,0 =,54
NG/0004/P,MARABA HOSPITAL - BIDA- NG/0004/P,1 +,2 +,0 +,0 =,3
NG/0012/P,TAIMAKO HOSPITAL- NG/0012/P,11 +,28 +,0 +,0 =,39
NG/0014/P,IBB SPECIALIST HOSPITAL- NG/0014/P,45 +,88 +,0 +,0 =,133
NG/0016/P,BAY SPECIALIST HOSPITAL- NG/0016/P,16 +,31 +,0 +,0 =,47
NG/0017/P,IMANI SPECIALIST HOSPITAL- NG/0017/P,1 +,2 +,0 +,0 =,3
NG/0018/P,"THE SAVANNAH MEDICAL CONSULTANCY, BAY CLINIC ROAD- NG/0018/P",64 +,160 +,0 +,0 =,224
NG/0020/P,STANDARD HOSPITAL- NG/0020/P,357 +,879 +,5 +,0 =,"1,241"
NG/0021/P,UNITY CLINIC- NG/0021/P,48 +,100 +,0 +,0 =,148
NG/0024/P,"GENERAL HOSPITAL, MOKWA- NG/0024/P",1 +,1 +,0 +,0 =,2
NG/0049/P,"GENERAL HOSPITAL, KONTANGORA- NG/0049/P",1 +,0 +,0 +,0 =,1
NG/0060/P,CITIZEN HOSPITAL- NG/0060/P,19 +,48 +,0 +,0 =,67
NG/0062/P,"GENERAL HOSPITAL, SULEJA- NG/0062/P",16 +,37 +,0 +,0 =,53
NG/0064/P,MARABA HOSPITAL - SULEIJA- NG/0064/P,1 +,3 +,0 +,0 =,4
NG/0065/P,SUZAN MEMORIAL CLINIC AND MATERNITY- NG/0065/P,17 +,39 +,0 +,0 =,56
NG/0066/P,DELIGHT HOSPITAL- NG/0066/P,4 +,6 +,0 +,0 =,10
NG/0093/P,TOP MEDICAL CENTRE- NG/0093/P,80 +,210 +,0 +,0 =,290
NG/0094/P,"GENERAL HOSPITAL, KAGARA- NG/0094/P",1 +,3 +,0 +,0 =,4
NG/0102/P,WASIHA MEDICAL CENTRE- NG/0102/P,2 +,7 +,0 +,0 =,9
NG/0107/P,LIBERTY HOSPITAL- NG/0107/P,1 +,1 +,0 +,0 =,2
NG/0109/P,SULEJA HOSPITAL LTD- NG/0109/P,2 +,4 +,0 +,0 =,6
NG/0111/P,BISI CLINIC AND MATERNITY- NG/0111/P,4 +,5 +,0 +,0 =,9
NG/0136/P,RAILWAY INDUSTRIAL CLINIC- NG/0136/P,3 +,3 +,0 +,0 =,6
NG/0139/P,LUCAS HOSPITAL- NG/0139/P,3 +,9 +,0 +,0 =,12
NG/0164/P,"RURAL HOSPITAL, KUTA- NG/0164/P",2 +,8 +,0 +,0 =,10
NG/0168/P,GENERAL HOSPITAL- NG/0168/P,1 +,3 +,0 +,0 =,4
NG/0272/P,BAZZA JASIM CLINIC- NG/0272/P,2 +,2 +,0 +,0 =,4
NG/0278/P,"GARKIYA CHILDREN SPECIALIST CLINIC, MINNA, NIGER STATE- NG/0278/P",9 +,27 +,0 +,0 =,36
NG/0279/P,ZUMA TOTAL CARE HOSPITAL- NG/0279/P,2 +,7 +,0 +,0 =,9
NG/0281/P,CHARLES HEALTH CARE LIMITED- NG/0281/P,1 +,3 +,0 +,0 =,4
NG/0283/P,BERITH SPECIALIST HOSPITAL- NG/0283/P,8 +,20 +,0 +,0 =,28
NG/0284/P,FAEJOC RAPHA CLINIC LTD- NG/0284/P,1 +,0 +,0 +,0 =,1
NG/0293/P,EXPERT CARE FAMILY MEDICINE CLINIC- NG/0293/P,2 +,7 +,0 +,0 =,9
NG/0298/P,RAY BIRTH AND ALLIED SERVICES LTD- NG/0298/P,1 +,7 +,0 +,0 =,8
NG/0304/P,SHILOH LIFE CARE HOSPITAL AND DIAGNOSTIC SERVICES - NG/0304/P,2 +,5 +,0 +,0 =,7
NG/0307/P,ARCHMEDICS HOSPITAL- NG/0307/P,21 +,57 +,0 +,0 =,78
NG/0315/P,RIGHTCARE HOSPITAL- NG/0315/P,1 +,5 +,1 +,0 =,7
NG/0317/P,DHA SPECILITY CLINIC LIMITED- NG/0317/P,6 +,17 +,1 +,0 =,24
NG/0596/P,EL- HUSSAIN SPECIALIST HOSPITAL LTD-NG/0596/P,1 +,4 +,0 +,0 =,5
NG/0598/P,-NG/0598/P,1 +,4 +,0 +,0 =,5
NG/0601/P,OLIVE GOODNEWS CLINIC AND MATERNITY-NG/0601/P,1 +,2 +,0 +,0 =,3
NW/0001/P,MAY DAY SPECIALIST HOSPITAL AND MATERNITY- NW/0001/P,34 +,84 +,0 +,0 =,118
NW/0003/P,"FEDERAL MEDICAL CENTRE, KEFFI- NW/0003/P",22 +,73 +,0 +,0 =,95
NW/0004/P,ADONAI HOSPITAL- NW/0004/P,57 +,117 +,0 +,0 =,174
NW/0005/P,BLESSED TRINITY HOSPITAL LTD.- NW/0005/P,5 +,16 +,0 +,0 =,21
NW/0006/P,"GENERAL HOSPITAL, KEFFI- NW/0006/P",3 +,8 +,0 +,0 =,11
NW/0009/P,"GENERAL HOSPITAL, AKWANGA- NW/0009/P",2 +,4 +,0 +,0 =,6
NW/0010/P,E.R.C.C. MEDICAL CENTRE- NW/0010/P,2 +,3 +,0 +,0 =,5
NW/0015/P,"GENERAL HOSPITAL,WAMBA- NW/0015/P",7 +,9 +,0 +,0 =,16
NW/0016/P,DALHATU ARAF (SPECIALIST HOSPITAL)- NW/0016/P,93 +,174 +,0 +,0 =,267
NW/0017/P,KOWA HOSPITAL- NW/0017/P,31 +,69 +,0 +,0 =,100
NW/0018/P,SAUKI HOSPITAL- NW/0018/P,1 +,3 +,0 +,0 =,4
NW/0047/P,HIS MERCY HOSPITAL- NW/0047/P,2 +,2 +,0 +,0 =,4
NW/0050/P,NAGARI ALLAH MAGANI CLINIC AND MATERNITY- NW/0050/P,10 +,27 +,0 +,0 =,37
NW/0052/P,MARABA GURUKU MEDICAL CENTER- NW/0052/P,19 +,34 +,0 +,0 =,53
NW/0054/P,ALPHA HOSPITAL- NW/0054/P,2 +,8 +,0 +,0 =,10
NW/0055/P,AB-NISSI FAMILY HOSPITAL LIMITED- NW/0055/P,6 +,17 +,0 +,0 =,23
NW/0073/P,ROYAL HOSPITAL- NW/0073/P,2 +,10 +,0 +,0 =,12
NW/0074/P,OUR LADY OF APOSTLES HOSPITAL- NW/0074/P,7 +,27 +,0 +,0 =,34
NW/0076/P,MISAN CLINIC AND MAT.- NW/0076/P,2 +,10 +,0 +,0 =,12
NW/0085/P,KINGS CARE HOSPITAL- NW/0085/P,44 +,115 +,0 +,0 =,159
NW/0092/P,FOUNTAINHEAD MEDICAL CENTRE- NW/0092/P,3 +,7 +,0 +,0 =,10
NW/0095/P,POLICE CLINIC - NW/0095/P,6 +,10 +,0 +,0 =,16
NW/0098/P,LIVIA SHAMMAH HOSPITALS LIMITED- NW/0098/P,1 +,1 +,0 +,0 =,2
NW/0105/P,VICAR CLINIC - NW/0105/P,2 +,2 +,0 +,0 =,4
NW/0106/P,KYARI LAFIYA CLINIC AND MATERNITY LTD- NW/0106/P,1 +,0 +,0 +,0 =,1
NW/0113/P,MASAKA CENTRAL HOSPITAL- NW/0113/P,1 +,4 +,0 +,0 =,5
NW/0121/P,OSHYEG`BA JOSH MEDICAL CENTRE LAFIA- NW/0121/P,5 +,9 +,0 +,0 =,14
NW/0122/P,AL-NUR CLINIC AND MATERNITY HOME- NW/0122/P,0 +,1 +,0 +,0 =,1
NW/0160/P,PINECREST SPECIALIST HOSPITAL - NW/0160/P,4 +,11 +,0 +,0 =,15
NW/0162/P,CHRANE HOSPITAL - NW/0162/P,1 +,1 +,0 +,0 =,2
NW/0342/P,ACCORDIA HOSPITALS-NW/0342/P,1 +,1 +,0 +,0 =,2
NW/0344/P,CET HOSPITAL-NW/0344/P,1 +,0 +,0 +,0 =,1
OD/0001/P,"STATE SPECIALIST HOSPITAL,IKARE- OD/0001/P",2 +,7 +,0 +,0 =,9
OD/0005/P,SIJUWADE SPECIALIST HOSPITAL- OD/0005/P,12 +,36 +,0 +,0 =,48
OD/0007/P,ST. JOHN AND MARY HOSPITAL- OD/0007/P,1 +,0 +,0 +,0 =,1
OD/0008/P,ADE-TADE HOSPITAL- OD/0008/P,1 +,1 +,0 +,0 =,2
OD/0009/P,JOE-JANE MEDICINE CENTRE- OD/0009/P,2 +,3 +,0 +,0 =,5
OD/0010/P,ABITOYE HOSPITAL- OD/0010/P,3 +,5 +,0 +,0 =,8
OD/0011/P,"UNIVERSITY OF MEDICAL SCIENCES TEACHING HOSPITAL COMPLEX,AKURE -OD/0011/P",31 +,62 +,0 +,0 =,93
OD/0015/P,"STATE SPECIALIST HOSPITAL,OKITIPUPA- OD/0015/P",3 +,4 +,0 +,0 =,7
OD/0018/P,FEDERAL MEDICAL CENTRE - OWO- OD/0018/P,4 +,4 +,0 +,0 =,8
OD/0021/P,"UNIVERSITY OF MEDICAL SCIENCES TEACHING HOSPITAL COMPLEX,ONDO -OD/0021/P",0 +,2 +,0 +,0 =,2
OD/0045/P,ADEYEMI COLLEGE OF EDUCATION HEALTH CENTRE- OD/0045/P,1 +,0 +,0 +,0 =,1
OD/0053/P,FIRST MERCY SPECIALIST HOSPITAL- OD/0053/P,13 +,30 +,0 +,0 =,43
OD/0054/P,MOMAAK SPECIALIST HOSPITAL- OD/0054/P,1 +,5 +,0 +,0 =,6
OD/0064/P,FUJAH SPECIALIST HOSPITAL- OD/0064/P,1 +,1 +,0 +,0 =,2
OD/0074/P,"POLICE CLINICS, ONDO- OD/0074/P",12 +,33 +,0 +,0 =,45
OD/0078/P,MIRACLE HOSPITAL- OD/0078/P,1 +,0 +,0 +,0 =,1
OD/0082/P,ARIF MEDICAL CENTER- OD/0082/P,0 +,1 +,0 +,0 =,1
OD/0086/P,INLAND MEDICAL CENTER- OD/0086/P,0 +,1 +,0 +,0 =,1
OD/0103/P,NDUBUISI HOSPITAL AND MATERNITY- OD/0103/P,1 +,3 +,0 +,0 =,4
OD/0108/P,SCKYE HOSPITAL LTD- OD/0108/P,14 +,15 +,0 +,0 =,29
OD/0122/P,HOPELAND SPECIALIST MEDICAL CENTER- OD/0122/P,1 +,2 +,0 +,0 =,3
OD/0134/P,MERCY LAND MEDICAL CENTER- OD/0134/P,1 +,4 +,0 +,0 =,5
OD/0161/P,TIMUNITY SPECIALIST HOSPITAL AND EYE CLINIC- OD/0161/P,2 +,4 +,0 +,0 =,6
OD/0397/P,"MOTHER AND CHILD HOSPITAL, AKURE-OD/0397/P",1 +,2 +,0 +,0 =,3
OG/0001/P,"FEDERAL MEDICAL CENTRE, ABEOKUTA- OG/0001/P",56 +,100 +,0 +,0 =,156
OG/0002/P,MERCY GROUP CLINICS- OG/0002/P,16 +,31 +,0 +,0 =,47
OG/0005/P,EGBA MEDICAL CENTRE- OG/0005/P,3 +,3 +,0 +,0 =,6
OG/0007/P,NEUROPSYCHIATRIC HOSPITAL- OG/0007/P,9 +,16 +,0 +,0 =,25
OG/0009/P,KINGSMITH SPECIALIST HOSPITAL- OG/0009/P,2 +,10 +,0 +,0 =,12
OG/0026/P,"STATE HOSPITAL, IJEBU-ODE- OG/0026/P",1 +,7 +,0 +,0 =,8
OG/0031/P,HETTA MEDICAL CENTRE- OG/0031/P,1 +,2 +,0 +,0 =,3
OG/0034/P,ROPHE MEDICAL CENTRE- OG/0034/P,3 +,11 +,0 +,0 =,14
OG/0036/P,MEDICARE CLINIC- OG/0036/P,20 +,35 +,0 +,0 =,55
OG/0048/P,TOBILOBA CLINIC AND MATERNITY- OG/0048/P,7 +,12 +,0 +,0 =,19
OG/0053/P,CENTRAL SPECIALIST HOSPITAL- OG/0053/P,2 +,5 +,0 +,0 =,7
OG/0063/P,ALPHA CLINIC- OG/0063/P,1 +,1 +,0 +,0 =,2
OG/0066/P,FEDERAL COLLEGE OF EDUCATION HEALTH CENTRE ABEOKUTA- OG/0066/P,0 +,1 +,0 +,0 =,1
OG/0068/P,LANIK MEDICAL CENTRE- OG/0068/P,1 +,1 +,0 +,0 =,2
OG/0070/P,ITUNU HOSPITAL - OG/0070/P,1 +,1 +,0 +,0 =,2
OG/0073/P,FARAMED CLINICS - OG/0073/P,1 +,4 +,0 +,0 =,5
OG/0075/P,ARISET MEDICAL CENTRE AND VENTURES LTD- OG/0075/P,1 +,5 +,0 +,0 =,6
OG/0078/P,MULIB HOSPITAL- OG/0078/P,2 +,3 +,0 +,0 =,5
OG/0082/P,OTA SPECIALIST HOSPITAL LTD- OG/0082/P,2 +,3 +,0 +,0 =,5
OG/0105/P,"UNIVERSITY OF AGRIC. HEALTH CENTRE , ABEOKUTA- OG/0105/P",0 +,1 +,0 +,0 =,1
OG/0113/P,NEW DAY SPECIALIST HOSPITAL- OG/0113/P,1 +,1 +,0 +,0 =,2
OG/0116/P,SACRED HEART HOSPITAL- OG/0116/P,34 +,88 +,0 +,0 =,122
OG/0144/P,OLABISI ONABANJO UNIVERSITY TEACHING HOSPITAL SHAGAMU- OG/0144/P,1 +,1 +,0 +,0 =,2
OG/0146/P,SHALOM HOSPITAL AND MATERNITY HOME- OG/0146/P,0 +,4 +,0 +,0 =,4
OG/0161/P,AZYGUS HOSPITAL AND MATERNITY- OG/0161/P,1 +,2 +,0 +,0 =,3
OG/0165/P,BISTED MEDICAL CLINIC AND MATERNITY- OG/0165/P,1 +,2 +,0 +,0 =,3
OG/0181/P,BEACHLAND SPECIALIST HOSPITAL- OG/0181/P,5 +,17 +,0 +,0 =,22
OG/0187/P,STRONG TOWER HOSPITAL- OG/0187/P,1 +,3 +,0 +,0 =,4
OG/0188/P,BABCOCK UNIVERSITY MEDICAL CENTRE- OG/0188/P,1 +,0 +,0 +,0 =,1
OG/0192/P,SHIRISH CLINIC- OG/0192/P,1 +,1 +,0 +,0 =,2
OG/0195/P,COMFORT CLINIC AND MATERNITY- OG/0195/P,3 +,0 +,0 +,0 =,3
OG/0209/P,"STATE HOSPITAL OTA, OGUN STATE- OG/0209/P",1 +,9 +,0 +,0 =,10
OG/0219/P,IYANIWURA SPECILAIST HOSPITAL- OG/0219/P,1 +,4 +,0 +,0 =,5
OG/0234/P,ACCESS MEDICAL CENTRE- OG/0234/P,1 +,1 +,0 +,0 =,2
OG/0246/P,ANGELS AND EAGLE SPECIALIST HOSPITAL- OG/0246/P,1 +,3 +,0 +,0 =,4
OG/0270/P,MEDICPLUS HOSPITAL- OG/0270/P,1 +,1 +,0 +,0 =,2
OS/0018/P,BIKET MEDICAL CENTRE- OS/0018/P,18 +,53 +,0 +,0 =,71
OS/0019/P,ADEBARE SPECIALIST HOSPITAL- OS/0019/P,2 +,0 +,0 +,0 =,2
OS/0021/P,LADOKE AKINTOLA TEACHING HOSPITAL- OS/0021/P,163 +,374 +,1 +,0 =,538
OS/0022/P,ABAKE MEDICAL CENTRE- OS/0022/P,15 +,36 +,0 +,0 =,51
OS/0037/P,OROKI HOSPITAL- OS/0037/P,2 +,4 +,0 +,0 =,6
OS/0040/P,OBAFEMI AWOLOWO TEACHING HOSPITAL- OS/0040/P,22 +,49 +,3 +,2 =,76
OS/0041/P,ADENLE MEMORIAL HOSPITAL- OS/0041/P,1 +,3 +,0 +,0 =,4
OS/0050/P,OBAFEMI AWOLOWO UNIVERSITY HEALTH CENTRE- OS/0050/P,2 +,2 +,0 +,0 =,4
OS/0053/P,ONWARD SPECIALIST HOSPITAL- OS/0053/P,19 +,51 +,1 +,0 =,71
OS/0058/P,"POLICE CLINICS, OSUN- OS/0058/P",1 +,4 +,0 +,0 =,5
OS/0061/P,SEVENTH DAY ADVENTIST HOSPITAL- OS/0061/P,5 +,12 +,0 +,0 =,17
OS/0062/P,OUR LADY OF FATIMA CATHOLIC HOSPITAL (JALEYEMI)- OS/0062/P,24 +,57 +,0 +,0 =,81
OS/0066/P,RONBAY HOSPITAL AND MATERNITY- OS/0066/P,1 +,3 +,0 +,0 =,4
OS/0098/P,DEMAL CLINIC- OS/0098/P,1 +,4 +,0 +,0 =,5
OS/0100/P,PLATINUM EMBASSY HOSPITAL- OS/0100/P,1 +,4 +,0 +,0 =,5
OS/0103/P,SPRING HOPE SPECIALIST HOSPITAL- OS/0103/P,1 +,7 +,0 +,0 =,8
OS/0104/P,VICTORY HOSPITAL - OS/0104/P,1 +,6 +,0 +,0 =,7
OS/0106/P,EMMANUEL MEDICAL CENTRE- OS/0106/P,8 +,24 +,0 +,0 =,32
OS/0113/P,LIVING HOPE MEDICAL CENTRE- OS/0113/P,1 +,2 +,0 +,0 =,3
OS/0115/P,IYIOLA HOSPITAL- OS/0115/P,1 +,2 +,0 +,0 =,3
OS/0121/P,EMMANUEL SPECIALISTS HOSPITAL- OS/0121/P,1 +,2 +,1 +,0 =,4
OS/0132/P,OLANREWAJU MEDICAL CENTRE- OS/0132/P,5 +,9 +,0 +,0 =,14
OS/0140/P,"REHOBOTH EAR, NOSE AND THROAT HOSPITAL- OS/0140/P",1 +,4 +,0 +,0 =,5
OS/0141/P,OSOGBO CENTRAL HOSPITAL- OS/0141/P,5 +,7 +,0 +,0 =,12
OS/0142/P,SAFE PARTURITION (SP) SPECIALIST HOSPITAL - OS/0142/P,2 +,8 +,0 +,0 =,10
OS/0144/P,ALIVE MEDICAL CENTRE-OS/0144/P,0 +,0 +,0 +,1 =,1
OY/0001/P,UNIVERSITY COLLEGE HOSPITAL- OY/0001/P,649 +,978 +,6 +,229 =,"1,862"
OY/0004/P,MOLLY SPECIALIST HOSPITAL- OY/0004/P,146 +,274 +,0 +,10 =,430
OY/0005/P,BADEJOKO MEMORIAL HOSPITAL- OY/0005/P,13 +,15 +,0 +,0 =,28
OY/0006/P,WELFARE HOSPITAL LTD.- OY/0006/P,131 +,229 +,0 +,2 =,362
OY/0007/P,GOLD CROSS MEDICAL CLINIC- OY/0007/P,8 +,11 +,0 +,0 =,19
OY/0008/P,J. RAPHA HOSPITAL- OY/0008/P,46 +,94 +,0 +,2 =,142
OY/0009/P,ADEOYE MEMORIAL SPECIALIST HOSPITAL- OY/0009/P,20 +,32 +,0 +,0 =,52
OY/0010/P,MOBOLAJI HOSPITAL- OY/0010/P,7 +,9 +,0 +,0 =,16
OY/0014/P,LANARK SPECIALIST HOSPITAL- OY/0014/P,3 +,3 +,0 +,0 =,6
OY/0015/P,CHRISTUS SPECIAL HOSPITAL- OY/0015/P,3 +,1 +,0 +,0 =,4
OY/0031/P,THE VINE HOSPITAL AND MATERNITY CENTRE- OY/0031/P,5 +,5 +,0 +,0 =,10
OY/0032/P,OKE-ADO HOSPITAL- OY/0032/P,4 +,3 +,0 +,0 =,7
OY/0035/P,FEMI SPECIALIST HOSPITAL- OY/0035/P,12 +,11 +,0 +,0 =,23
OY/0036/P,TEJU SPECIALIST HOSPITAL ANNEX- OY/0036/P,2 +,6 +,0 +,0 =,8
OY/0042/P,KEJIDE SPECIALIST HOSPITAL- OY/0042/P,5 +,11 +,0 +,0 =,16
OY/0043/P,MAK CLINIC- OY/0043/P,1 +,3 +,0 +,0 =,4
OY/0044/P,ALAFIA HOSPITAL- OY/0044/P,20 +,30 +,0 +,0 =,50
OY/0051/P,TEJU SPECIALIST HOSPITAL- OY/0051/P,17 +,34 +,0 +,3 =,54
OY/0052/P,TOUN MEMORIAL SPECIALIST HOSPITAL- OY/0052/P,26 +,44 +,0 +,0 =,70
OY/0067/P,LAD MEDICAL CENTRE- OY/0067/P,11 +,32 +,0 +,0 =,43
OY/0068/P,AL-HAYYU HOSPITAL- OY/0068/P,5 +,10 +,0 +,0 =,15
OY/0070/P,ASVON HOSPITAL- OY/0070/P,1 +,1 +,0 +,0 =,2
OY/0072/P,LAFIA HOSPITAL- OY/0072/P,9 +,10 +,0 +,0 =,19
OY/0075/P,MEDICAL PRACTITIONERS SERVICES- OY/0075/P,20 +,26 +,0 +,0 =,46
OY/0077/P,BETA-LIFE HOSPITAL- OY/0077/P,123 +,251 +,0 +,0 =,374
OY/0078/P,HIGHLAND SPECIALIST HOSPITAL- OY/0078/P,7 +,17 +,0 +,0 =,24
OY/0079/P,"ST. MARY`S CATHOLIC GENERAL HOSPITAL, ELETA, IBADAN- OY/0079/P",30 +,47 +,0 +,2 =,79
OY/0081/P,SKYLINE SPECIALIST CLINIC- OY/0081/P,1 +,1 +,0 +,0 =,2
OY/0083/P,BAPTIST HOSPITAL- OY/0083/P,4 +,11 +,0 +,0 =,15
OY/0165/P,2 DIV HOSPITAL- OY/0165/P,58 +,137 +,0 +,0 =,195
OY/0166/P,NAF MEDICAL CENTRE- OY/0166/P,2 +,6 +,0 +,0 =,8
OY/0169/P,OKE ADO HOSPITAL- OY/0169/P,1 +,1 +,0 +,0 =,2
OY/0173/P,"GENERAL HOSPITAL, ISEYIN- OY/0173/P",3 +,7 +,0 +,0 =,10
OY/0174/P,OUR LADY CATHOLIC HOSPITAL- OY/0174/P,0 +,0 +,0 +,1 =,1
OY/0175/P,ADEOYO MATERNITY HOSPITAL- OY/0175/P,15 +,17 +,0 +,1 =,33
OY/0176/P,RING ROAD HOSPITAL- OY/0176/P,4 +,5 +,0 +,0 =,9
OY/0177/P,JERICO GENERAL HOSPITAL- OY/0177/P,8 +,9 +,0 +,3 =,20
OY/0178/P,"STATE HOSPITAL, OYO- OY/0178/P",8 +,32 +,0 +,0 =,40
OY/0183/P,"BAPTIST MEDICAL CENTRE, SAKI- OY/0183/P",2 +,13 +,0 +,0 =,15
OY/0184/P,JERICO NURSING HOME- OY/0184/P,4 +,8 +,0 +,0 =,12
OY/0188/P,COTTAGE HOSPITAL/COMPREHENSIVE HEALTH CENTRE - OY/0188/P,16 +,32 +,0 +,0 =,48
OY/0191/P,UNITY MEDICAL CENTRE- OY/0191/P,13 +,16 +,0 +,0 =,29
OY/0197/P,FAJIMI MEMORIAL HOSPITAL- OY/0197/P,4 +,5 +,0 +,0 =,9
OY/0198/P,MOMMOH MEMORIAL HOSPITAL- OY/0198/P,3 +,18 +,0 +,0 =,21
OY/0202/P,SHEKINAH MEDICAL CENTRE- OY/0202/P,2 +,7 +,0 +,0 =,9
OY/0203/P,VICTORY MEDICAL CENTRE- OY/0203/P,39 +,91 +,0 +,2 =,132
OY/0205/P,OLAYONU MEDICAL CENTRE HOSPITAL AND MATERNITY SERVICES- OY/0205/P,1 +,1 +,0 +,0 =,2
OY/0210/P,DIVINE FAVOUR HOSPITAL- OY/0210/P,1 +,2 +,0 +,1 =,4
OY/0211/P,ZOE SPECIALIST MISSION HOSPITAL- OY/0211/P,7 +,15 +,0 +,3 =,25
OY/0212/P,CONTINENTAL MEDICAL CENTRE- OY/0212/P,2 +,4 +,0 +,0 =,6
OY/0213/P,NAF DETACHMENT MEDICAL CENTRE- OY/0213/P,2 +,8 +,0 +,0 =,10
OY/0242/P,"BOWEN UNIVERSITY TEACHING HOSPITAL, OGBOMOSO- OY/0242/P",1 +,8 +,0 +,1 =,10
OY/0250/P,"CATHOLIC HOSPITAL, OLUYORO- OY/0250/P",245 +,458 +,1 +,13 =,717
OY/0252/P,UNIVERSITY OF IBADAN HEALTH SERVICES (JAJA HEALTH CLINIC)- OY/0252/P,"3,694 +","5,575 +",5 +,9 =,"9,283"
OY/0253/P,FED. COLLEGE OF EDUC. SPECIAL MEDICAL CENTRE- OY/0253/P,1 +,1 +,0 +,0 =,2
OY/0254/P,BETHEL SPECIALIST HOSPITAL- OY/0254/P,6 +,2 +,0 +,0 =,8
OY/0263/P,BANBY SPECIALIST HOSPITAL- OY/0263/P,18 +,32 +,0 +,1 =,51
OY/0264/P,COMFORT MEDICAL CENTRE- OY/0264/P,2 +,6 +,0 +,0 =,8
OY/0267/P,UNIVERSITY HEALTH SERVICE ( JAJA CLINIC)- OY/0267/P,17 +,32 +,0 +,0 =,49
OY/0268/P,DOCTORS POLYCLINIC- OY/0268/P,71 +,137 +,0 +,0 =,208
OY/0271/P,FORTUNE HOSPITAL AND DENTAL CENTRE- OY/0271/P,9 +,15 +,0 +,0 =,24
OY/0277/P,JOLALEKE SPEC. HOSPITAL- OY/0277/P,4 +,10 +,0 +,0 =,14
OY/0283/P,HOSSANA SPEC. HOSPITAL- OY/0283/P,2 +,4 +,0 +,0 =,6
OY/0285/P,PEAMAK HOSPITAL AND MATERNITY CENTRE- OY/0285/P,13 +,57 +,1 +,0 =,71
OY/0292/P,TZ HOSPITAL AND MATERNITY- OY/0292/P,1 +,0 +,0 +,0 =,1
OY/0345/P,CHRISBO MEDICAL CENTRE- OY/0345/P,6 +,10 +,0 +,2 =,18
OY/0348/P,FOREMOST BASE HOSPITAL LIMITED- OY/0348/P,33 +,84 +,0 +,5 =,122
OY/0350/P,ST RITA`S CLINIC AND MATERNITY HOME- OY/0350/P,2 +,0 +,0 +,0 =,2
OY/0354/P,ST PATRIC`S HOSPITAL- OY/0354/P,1 +,2 +,0 +,0 =,3
OY/0357/P,ST MARELLO CATHOLIC HOSPITAL- OY/0357/P,4 +,10 +,0 +,0 =,14
OY/0361/P,IYE HOSPITAL LTD- OY/0361/P,3 +,3 +,0 +,0 =,6
OY/0366/P,ST DOMINIC CATHOLIC HOSPITAL- OY/0366/P,23 +,57 +,0 +,12 =,92
OY/0405/P,BETA LIFE HOSPITAL- OY/0405/P,318 +,649 +,0 +,0 =,967
OY/0410/P,BEATRICE MEDICAL CENTRE- OY/0410/P,1 +,3 +,0 +,0 =,4
OY/0413/P,CHRIST HOPE HOSPITAL AND MATERNITY- OY/0413/P,7 +,14 +,0 +,0 =,21
OY/0426/P,AYOFUNMI HOSPITAL AND MATERNITY- OY/0426/P,2 +,3 +,0 +,0 =,5
OY/0429/P,VINE BRANCH MATERNITY AND INFANT WELFARE CENTRE- OY/0429/P,71 +,149 +,0 +,25 =,245
OY/0441/P,OPABODE MEMORIAL HOSPITAL- OY/0441/P,8 +,32 +,0 +,0 =,40
OY/0446/P,ST ANNE`S SPECIALIST HOSPITAL- OY/0446/P,1 +,1 +,0 +,1 =,3
OY/0483/P,THE ISSACHAR MEDICAL CENTRE- OY/0483/P,3 +,6 +,0 +,0 =,9
OY/0485/P,REDEEMER’S HEALTH CENTRE- OY/0485/P,17 +,38 +,0 +,2 =,57
OY/0500/P,ZENITH HOSPITAL- OY/0500/P,7 +,16 +,0 +,0 =,23
OY/0503/P,KING`S WAY INTERNATIONAL HOSPITAL- OY/0503/P,9 +,20 +,0 +,0 =,29
OY/0504/P,GOD’S KNOT HOSPITAL- OY/0504/P,10 +,21 +,0 +,3 =,34
OY/0511/P,JUBILEE HOSPITAL- OY/0511/P,12 +,20 +,0 +,27 =,59
OY/0516/P,AYOKEMI HOSPITAL AND ULTRASOUND CENTRE- OY/0516/P,13 +,40 +,0 +,13 =,66
OY/0518/P,LADOKE AKINTOLA UNIVERSITY OF TECHNOLOGY TEACHING HOSPITAL- OY/0518/P,0 +,0 +,0 +,3 =,3
OY/0520/P,LADOKE AKINTOLA UNIVERSITY OF TECHNOLOGY- OY/0520/P,0 +,0 +,0 +,8 =,8
OY/0534/P,ASSOCIATION FOR FAMILY AND REPRODUCTIVE HEALTH- OY/0534/P,1 +,1 +,0 +,1 =,3
OY/0537/P,TRIOSES MEMORIAL HOSPITAL AND MATERNITY SERVICES LTD- OY/0537/P,1 +,3 +,0 +,1 =,5
OY/0538/P,PATNAS SPECIALIST HOSPITAL - OY/0538/P,1 +,2 +,0 +,2 =,5
OY/0540/P,ASSOCIATION FOR FAMLY AND REPRODUCTIVE HEALTH - OY/0540/P,1 +,1 +,0 +,0 =,2
OY/0541/P,RACHAM MEDICAL SERVICES- OY/0541/P,1 +,2 +,0 +,0 =,3
OY/0550/P,BISMO MEDICAL CENTRE- OY/0550/P,1 +,3 +,0 +,0 =,4
OY/0561/P,LIBERTY FORTE MEDICARE LIMITED- OY/0561/P,1 +,2 +,0 +,0 =,3
OY/0565/P,MOBOLAJI HOSPITAL MATERNITY AND ULTRASOUND LIMITED- OY/0565/P,1 +,3 +,0 +,0 =,4
OY/0568/P,ROYAL HOSPITAL AND MATERNITY - OY/0568/P,0 +,2 +,0 +,0 =,2
OY/0571/P,LADOKE AKINTOLA UNIVERSITY OF TECHNOLOGY HEALTH - OY/0571/P,0 +,0 +,0 +,1 =,1
OY/0928/P,BROFAM SPECIALIST HOSPITAL-OY/0928/P,1 +,3 +,0 +,0 =,4
OY/0932/P,GOODTIMES MEDICAL CENTRE-OY/0932/P,1 +,4 +,0 +,0 =,5
OY/0938/P,MONATAN CENTRAL SPECIALIST HOSPITAL-OY/0938/P,1 +,4 +,0 +,0 =,5
OY/0940/P,OYO MESI SPECIALIST HOSPITAL-OY/0940/P,20 +,51 +,0 +,3 =,74
OY/0945/P,TRI-STATE HEALTHCARE-OY/0945/P,1 +,3 +,0 +,0 =,4
OY/0948/P,OLU-GRACE MEDICAL CENTRE-OY/0948/P,2 +,8 +,0 +,3 =,13
OY/0954/P,ZENITH CARE HOSPITAL AND FERTILITY CENTRE-OY/0954/P,0 +,0 +,0 +,3 =,3
OY/0955/P,GAFSOL MEDICAL CENTRE-OY/0955/P,4 +,9 +,0 +,0 =,13
PL/0001/P,"GENERAL HOSPITAL, BARKIN-LADI- PL/0001/P",1 +,1 +,0 +,0 =,2
PL/0007/P,ELDIN SPECIALIST HOSPITAL- PL/0007/P,3 +,2 +,0 +,0 =,5
PL/0009/P,SAUKI CLINIC AND HOSPITAL- PL/0009/P,8 +,12 +,0 +,0 =,20
PL/0010/P,KAUNA HOSPITAL- PL/0010/P,7 +,14 +,0 +,0 =,21
PL/0014/P,CHILLAS SPECIALIST HOSPITAL- PL/0014/P,4 +,9 +,0 +,0 =,13
PL/0015/P,"GENERAL HOSPITAL, PANKSHIN- PL/0015/P",1 +,2 +,0 +,0 =,3
PL/0020/P,COMPREHENSIVE HEALTH CENTRE- PL/0020/P,3 +,10 +,0 +,0 =,13
PL/0022/P,"GENERAL HOSPITAL, SHENDAM- PL/0022/P",0 +,2 +,0 +,0 =,2
PL/0023/P,GWASH SPECIALIST HOSPITAL- PL/0023/P,1 +,1 +,0 +,0 =,2
PL/0058/P,463 NIGERIAN AIRFORCE HOSPITAL- PL/0058/P,47 +,119 +,0 +,0 =,166
PL/0064/P,UNIVERSITY OF JOS HEALTH CENTRE- PL/0064/P,0 +,1 +,0 +,0 =,1
PL/0069/P,MAY HOSPITAL- PL/0069/P,0 +,4 +,2 +,0 =,6
PL/0070/P,NISSI DOMINUS MEDICAL CENTRE- PL/0070/P,2 +,7 +,0 +,0 =,9
PL/0073/P,BENE CLINIC- PL/0073/P,0 +,5 +,0 +,0 =,5
PL/0075/P,OUR LADY OF APOSTLE HOSPITAL ( O. L. A. )- PL/0075/P,52 +,142 +,1 +,0 =,195
PL/0076/P,SOLAT WOMEN HOSPITAL- PL/0076/P,7 +,16 +,0 +,0 =,23
PL/0077/P,BUKURU SPECIALIST HOSPITAL- PL/0077/P,2 +,3 +,0 +,0 =,5
PL/0100/P,JOS UNIVERSITY TEACHING HOSPITAL- PL/0100/P,59 +,154 +,0 +,1 =,214
PL/0102/P,PLATEAU SPECIALIST HOSPITAL- PL/0102/P,68 +,133 +,0 +,0 =,201
PL/0107/P,OLA HOSPITAL AND ORPHANAGE ZAWAN- PL/0107/P,1 +,0 +,0 +,0 =,1
PL/0108/P,HWOLSHE MEDICAL CENTRE- PL/0108/P,1 +,3 +,0 +,0 =,4
PL/0139/P,M AND B MEDICAL CENTRE- PL/0139/P,1 +,4 +,0 +,0 =,5
PL/0150/P,"BINGHAM UNIVERSITY TEACHING HOSPITAL, JOS- PL/0150/P",15 +,42 +,1 +,0 =,58
PL/0158/P,DEE MEDICAL CENTRE- PL/0158/P,3 +,16 +,0 +,0 =,19
PL/0159/P,FERTILE GROUND HOSPITAL- PL/0159/P,1 +,7 +,0 +,0 =,8
PL/0164/P,OASIS MEDICAL CENTRE LIMITED- PL/0164/P,1 +,5 +,0 +,0 =,6
PL/0167/P,PARKVIEW FAMILY MEDICINE ROYAL HOSPITAL- PL/0167/P,5 +,21 +,0 +,0 =,26
PL/0182/P,STAHEALTH SPECIALIST HOSPITAL- PL/0182/P,2 +,3 +,0 +,0 =,5
PL/0184/P,MERCY-SEAT SPECIALIST HOSPITAL- PL/0184/P,4 +,9 +,0 +,0 =,13
PL/0206/P,ACHILLES SPECIALIST HOSPITAL-PL/0206/P,1 +,2 +,0 +,0 =,3
RV/0003/P,MARYLAND HEALTH CARE- RV/0003/P,1 +,2 +,0 +,0 =,3
RV/0004/P,SPRINGS HOSPITAL-RV/0004/P,1 +,1 +,0 +,0 =,2
RV/0007/P,ANCHOR HOSPITAL- RV/0007/P,1 +,4 +,0 +,0 =,5
RV/0017/P,EBONY HOSPITAL- RV/0017/P,5 +,8 +,0 +,0 =,13
RV/0040/P,MERIDIAN HOSPITALS- RV/0040/P,7 +,12 +,0 +,0 =,19
RV/0047/P,UNIVERSITY OF PORT HARCOURT TEACHING HOSPITAL- RV/0047/P,30 +,69 +,0 +,0 =,99
RV/0048/P,RIVERS STATE UNIVERSITY TEACHING HOSPITAL- RV/0048/P,12 +,35 +,0 +,0 =,47
RV/0087/P,ACRON MEDICAL CONSULTANTS- RV/0087/P,4 +,11 +,0 +,0 =,15
RV/0090/P,NEW MILE ONE HOSPITAL- RV/0090/P,2 +,6 +,0 +,0 =,8
RV/0092/P,RIVON CLINIC- RV/0092/P,0 +,1 +,0 +,0 =,1
RV/0093/P,ST. CATHERINES SPECIALIST CLINIC- RV/0093/P,3 +,7 +,0 +,0 =,10
RV/0094/P,PRISTINE MED. CONSULTANT- RV/0094/P,3 +,7 +,0 +,0 =,10
RV/0096/P,ST. PATRICK HOSPITAL- RV/0096/P,1 +,3 +,0 +,0 =,4
RV/0098/P,MOUNT HERMON MEDICAL CENTRE- RV/0098/P,0 +,1 +,0 +,0 =,1
RV/0102/P,PALMERS HOSPITAL AND MAT. HOME- RV/0102/P,3 +,9 +,0 +,0 =,12
RV/0104/P,ST. MARTINS HOSPITAL- RV/0104/P,24 +,46 +,0 +,0 =,70
RV/0210/P,PAMO CLINICS AND HOSPITAL LTD.- RV/0210/P,3 +,11 +,0 +,0 =,14
RV/0220/P,"MILITARY HOSPITAL, P/HARCOURT- RV/0220/P",83 +,160 +,0 +,0 =,243
RV/0237/P,COTTAGE HOSPITAL/COMPREHENSIVE HEALTH CENTRE - RV/0237/P,2 +,5 +,0 +,0 =,7
RV/0238/P,NAVY MEDICAL CENTRE - BOROKIN- RV/0238/P,1 +,3 +,0 +,0 =,4
RV/0387/P,UNIVERSITY OF PORT HARCOURT (LULU BRIGGS HEALTH CENTRE)- RV/0387/P,1 +,2 +,0 +,0 =,3
RV/0403/P,SPRING ROSE HOSPITAL- RV/0403/P,1 +,2 +,0 +,0 =,3
RV/0407/P,LIFE FORTE SPECIALIST HOSPITAL- RV/0407/P,1 +,0 +,0 +,0 =,1
RV/0454/P,RICHIMOK HOSPITAL LIMITED- RV/0454/P,1 +,1 +,0 +,0 =,2
RV/0516/P,RIVERS STATE UNIVERSITY MEDICAL CENTER-RV/0516/P,1 +,0 +,0 +,0 =,1
RV/0572/P,G3 MEDICARE HOSPITAL AND MATERNITY-RV/0572/P,1 +,2 +,0 +,0 =,3
SO/0002/P,SOKOTO CLINIC- SO/0002/P,2 +,7 +,0 +,0 =,9
SO/0006/P,SPECIALIST HOSPITAL- SO/0006/P,9 +,20 +,0 +,0 =,29
SO/0010/P,USMAN DANFODIO UNIVERSITY TEACHING HOSPITAL- SO/0010/P,83 +,144 +,0 +,0 =,227
SO/0037/P,USMAN DANFODIO UNIVERSITY HEALTH SERVICES- SO/0037/P,0 +,2 +,0 +,0 =,2
SO/0177/P,"ASHMED SPECIALIST HOSPITAL,SOKOTO-SO/0177/P",1 +,0 +,0 +,0 =,1
TR/0001/P,JINYA MEDICAL CENTRE- TR/0001/P,2 +,3 +,0 +,0 =,5
TR/0005/P,GATEWAY HOSPITAL- TR/0005/P,0 +,1 +,0 +,0 =,1
TR/0007/P,"GENERAL HOSPITAL, WUKARI- TR/0007/P",0 +,5 +,0 +,0 =,5
TR/0009/P,FEDERAL MEDICAL CENTRE - JALINGO- TR/0009/P,37 +,105 +,0 +,0 =,142
TR/0011/P,BETHEL HOSPITAL- TR/0011/P,0 +,1 +,0 +,0 =,1
TR/0013/P,"GENERAL HOSPITAL, ZING- TR/0013/P",1 +,2 +,0 +,0 =,3
TR/0014/P,ABDUL MEDICAL CENTRE- TR/0014/P,5 +,6 +,0 +,0 =,11
TR/0045/P,TARABA SPECIALIST HOSPITAL- TR/0045/P,2 +,8 +,0 +,0 =,10
YB/0004/P,GENERAL SANI ABACHA SPECIALIST HOSPITAL- YB/0004/P,10 +,34 +,0 +,0 =,44
YB/0017/P,"FEDERAL MEDICAL CENTER, NGURU- YB/0017/P",1 +,2 +,0 +,0 =,3
YB/0019/P,GENERAL HOSPITAL POTISKUM- YB/0019/P,2 +,12 +,0 +,0 =,14
YB/0020/P,AJIKO MEDICAL CENTER- YB/0020/P,2 +,5 +,0 +,0 =,7
YB/0044/P,GENERAL HOSPITAL DAMAGUM- YB/0044/P,1 +,3 +,0 +,0 =,4
YB/0046/P,YOBE STATE UNIVERSITY TEACHING HOSPITAL DAMATURU-YB/0046/P,2 +,6 +,1 +,0 =,9
ZF/0006/P,DAULA HOSPITAL AND MAT. HOME- ZF/0006/P,2 +,5 +,0 +,0 =,7
ZF/0019/P,"GENERAL HOSPITAL, TALATA MAFARA- ZF/0019/P",0 +,1 +,0 +,0 =,1
ZF/0020/P,TSAFE GENERAL HOSPITAL- ZF/0020/P,0 +,4 +,0 +,0 =,4
ZF/0021/P,FEDERAL MEDICAL CENTRE GUSAU- ZF/0021/P,29 +,71 +,0 +,0 =,100
ZF/0029/P,YARIMAN BAKURA SPECIALIST HOSPITAL- ZF/0029/P,1 +,3 +,0 +,0 =,4
